image_filename,nature_visual,nep_materiality_visual,nep_biological_visual,landscape-type_visual
1633272317492043776_0.jpg,Yes,material,biotic,nan
1623759635936161798_0.jpg,No,nan,nan,nan
1513835315869454341_1.jpg,No,nan,nan,none
1687449303881494528_0.jpg,No,nan,nan,nan
1507795519514595332_0.jpg,No,nan,nan,nan
1675309309931003909_0.jpg,No,nan,nan,nan
1482352871022678017_0.jpg,No,material,nan,nan
1707652425929109771_0.jpg,No,nan,nan,nan
1678570800960487427_1.jpg,No,nan,nan,nan
1487486699529719820_0.jpg,No,nan,nan,nan
1682375873658335234_3.jpg,Yes,material,biotic,artificial_surfaces
1499415300139274242_0.jpg,Yes,material,biotic,artificial_surfaces
1723688089808195924_0.jpg,No,nan,nan,nan
1627836499872960514_0.jpg,Yes,material,biotic,nan
1631913362664706050_0.jpg,Yes,immaterial,nan,nan
1504096142988091395_0.jpg,Yes,immaterial,biotic,nan
1678570800960487427_2.jpg,No,nan,nan,nan
1660994989579546624_0.jpg,No,nan,nan,nan
1503718655334359041_1.jpg,No,nan,nan,nan
1527500359723192320_0.jpg,No,nan,nan,nan
1610170091332583430_0.jpg,No,material,nan,nan
1696599586599477753_0.jpg,Yes,material,biotic,agricultural_areas
1709373769351860688_0.jpg,No,nan,nan,nan
1671776028316913664_0.jpg,No,nan,nan,nan
1639976493349584897_3.jpg,No,nan,nan,nan
1665071853193375745_0.jpg,Yes,immaterial,biotic,nan
1652025889901649941_1.jpg,No,nan,nan,nan
1616149491219824650_2.jpg,No,nan,nan,none
1491412567885225987_0.jpg,No,nan,nan,nan
1651119919335964672_0.jpg,Yes,material,biotic,none
1505908082630561796_2.jpg,No,nan,nan,nan
1711004514042466597_0.jpg,No,nan,nan,none
1712544663448740084_0.jpg,No,material,nan,nan
1692885121592918019_0.jpg,No,nan,nan,artificial_surfaces
1726949580787617949_3.jpg,Yes,material,biotic,nan
1680473337137446912_0.jpg,No,nan,nan,nan
1707108845363871773_0.jpg,Yes,material,biotic,artificial_surfaces
1719067645025149214_0.jpg,No,nan,nan,nan
1714718989983584582_0.jpg,No,nan,nan,nan
1704753323981640058_0.jpg,No,nan,nan,none
1673316176733036545_0.jpg,Yes,material,biotic,nan
1492092044780703755_0.jpg,No,nan,nan,nan
1618776802813677569_0.png,Yes,immaterial,biotic,nan
1617417847218765826_2.jpg,No,nan,nan,nan
1661538571143061504_0.jpg,No,nan,nan,nan
1496546396127776768_0.jpg,Yes,material,biotic,nan
1641063657025970181_0.jpg,No,nan,nan,nan
1732204205144678849_1.jpg,No,nan,nan,nan
1513835315869454341_3.jpg,No,nan,nan,nan
1712725856068550658_0.jpg,No,nan,nan,nan
1727583760000880697_3.jpg,No,nan,nan,nan
1681107515075854336_2.jpg,No,nan,nan,nan
1501755721695825920_2.jpg,No,nan,nan,nan
1708105411604218223_0.jpg,No,nan,nan,nan
1484542298037837828_0.jpg,Yes,material,biotic,artificial_surfaces
1733200771691221139_0.jpg,Yes,material,nan,agricultural_areas
1735375099035832614_0.jpg,No,nan,nan,nan
1485976749796114434_2.jpg,No,nan,nan,nan
1493677492070141953_0.jpg,Yes,material,biotic,artificial_surfaces
1499717289494683657_0.jpg,Yes,material,biotic,artificial_surfaces
1676124682875961345_0.jpg,No,nan,nan,nan
1656918126162767872_1.jpg,Yes,immaterial,biotic,nan
1493224507364069384_0.jpg,No,nan,nan,nan
1480842921230413824_2.jpg,Yes,material,biotic,artificial_surfaces
1656374544402206751_0.jpg,No,nan,nan,nan
1621041725988020224_0.jpg,No,nan,nan,nan
1616058894333390849_0.jpg,No,material,nan,nan
1490808587635105795_0.jpg,Yes,material,biotic,artificial_surfaces
1717527496319439182_0.jpg,Yes,material,biotic,artificial_surfaces
1483560830927097859_0.jpg,No,nan,nan,nan
1680292143364014082_0.jpg,No,nan,nan,nan
1481295906704175109_0.jpg,No,nan,nan,nan
1479785956811190272_0.jpg,No,nan,nan,nan
1511645889680531458_2.jpg,No,nan,nan,nan
1629467245347758083_0.jpg,Yes,immaterial,abiotic,none
1667880358325436416_0.jpg,No,nan,nan,nan
1484844287493820420_3.jpg,Yes,material,biotic,artificial_surfaces
1712544663448740084_2.jpg,Yes,material,biotic,artificial_surfaces
1638889329505312770_2.jpg,No,nan,nan,nan
1650666935431086080_0.jpg,No,nan,nan,nan
1694697061197705247_0.jpg,Yes,nan,nan,nan
1645593505043980289_0.jpg,No,nan,nan,nan
1486731724797190145_0.jpg,No,nan,nan,nan
1682013485335474179_0.jpg,No,nan,nan,nan
1640248284387131392_0.jpg,No,nan,nan,nan
1616149491219824650_0.jpg,No,nan,nan,none
1624393814960898050_0.jpg,Yes,material,biotic,artificial_surfaces
1632275750677102592_0.jpg,No,nan,nan,nan
1508097509322801154_0.jpg,No,nan,nan,nan
1511192905666347016_3.jpg,No,nan,nan,nan
1680654529639882753_0.jpg,No,nan,nan,nan
1644959325696172032_3.jpg,No,nan,nan,nan
1624484412254523392_0.jpg,No,nan,nan,nan
1635537242046226432_0.jpg,Yes,material,biotic,nan
1681560497521303553_0.png,No,nan,nan,nan
1666340209380798465_0.jpg,Yes,material,biotic,nan
1644143953900367872_0.jpg,No,nan,nan,nan
1626477543233814528_2.jpg,Yes,material,biotic,none
1518591657435873280_0.jpg,No,nan,nan,nan
1629920230158868480_0.jpg,No,material,nan,nan
1495866918418399238_0.jpg,Yes,material,biotic,artificial_surfaces
1656555738255224832_0.jpg,No,nan,nan,nan
1727402565464441142_0.jpg,No,nan,nan,nan
1610532479424757760_0.jpg,No,nan,nan,nan
1489600628343164931_0.jpg,Yes,material,biotic,nan
1661900959373565953_1.jpg,No,nan,nan,nan
1684006618894049287_2.jpg,Yes,material,biotic,nan
1738636589272543552_0.jpg,No,nan,nan,nan
1618414415409451011_0.jpg,No,nan,nan,nan
1641788432706830337_0.jpg,No,nan,nan,nan
1721513762841047143_0.jpg,Yes,material,biotic,none
1486127744622731267_0.jpg,No,nan,nan,nan
1717346293603881223_0.jpg,No,nan,nan,nan
1634721869415825409_0.jpg,Yes,nan,nan,nan
1620588742238171137_0.jpg,Yes,material,biotic,nan
1483107845604261892_2.jpg,No,nan,nan,nan
1618052027342544897_0.png,Yes,material,biotic,artificial_surfaces
1711729290432156117_0.jpg,Yes,immaterial,biotic,none
1616964863980613632_2.jpg,No,nan,nan,nan
1479106479684653058_0.jpg,No,material,nan,nan
1488543663806464006_0.jpg,No,nan,nan,nan
1506663057191280650_3.jpg,No,nan,nan,nan
1651482306824085505_0.jpg,No,nan,nan,nan
1484844287493820420_0.jpg,Yes,material,biotic,artificial_surfaces
1726587193370853728_0.jpg,No,nan,nan,nan
1633181720408125441_0.jpg,Yes,immaterial,biotic,none
1496319903774781443_2.jpg,Yes,material,biotic,artificial_surfaces
1693609897454452977_0.jpg,No,nan,nan,nan
1655830962607882241_0.jpg,No,nan,nan,nan
1609988897462706177_0.jpg,No,nan,nan,nan
1705025112465097093_0.jpg,Yes,material,biotic,none
1728217938388471969_0.jpg,No,nan,abiotic,nan
1485674759853588486_0.jpg,No,nan,nan,nan
1666430807550971910_0.jpg,No,nan,nan,nan
1488015180797775875_0.jpg,No,nan,nan,nan
1506814052370161671_0.jpg,No,nan,nan,nan
1499868284862226435_1.jpg,No,nan,nan,nan
1511872382671065093_0.jpg,No,nan,nan,nan
1649579771863465986_0.jpg,No,nan,nan,nan
1644415744690515968_1.jpg,No,nan,nan,nan
1719067645025149214_1.jpg,No,nan,nan,nan
1660179615854342145_0.jpg,No,nan,nan,nan
1513306834316238854_0.jpg,No,nan,nan,nan
1486882719665737730_0.jpg,No,nan,nan,nan
1681922887681204224_0.jpg,No,nan,nan,nan
1732747786947297766_0.jpg,No,nan,nan,nan
1666159016039309312_0.jpg,Yes,material,biotic,none
1656012156524011533_0.jpg,No,nan,nan,nan
1685818558314364928_0.jpg,No,nan,nan,nan
1624484412254523392_1.jpg,No,nan,nan,nan
1609988897462706177_1.jpg,No,nan,nan,nan
1664981256038232065_0.jpg,No,nan,nan,nan
1488543663806464006_1.jpg,No,nan,nan,none
1513457829503545346_0.jpg,No,nan,nan,nan
1660632601692913665_1.jpg,No,nan,nan,nan
1680382740405862403_0.jpg,No,nan,nan,nan
1485599262473867267_0.jpg,No,nan,nan,nan
1697686756856942833_0.jpg,No,nan,nan,nan
1652750665725399041_0.jpg,No,nan,nan,nan
1614971730186932224_0.jpg,No,nan,nan,nan
1657371110977986568_0.jpg,Yes,material,biotic,none
1705387496811725169_0.jpg,Yes,immaterial,biotic,nan
1726949580787617949_0.jpg,Yes,material,biotic,forest_and_seminatural_areas
1504247138322165767_0.jpg,No,nan,nan,none
1732023010750595429_0.jpg,Yes,immaterial,biotic,none
1516326731933757442_0.jpg,Yes,material,biotic,water_bodies
1647767832170569731_0.jpg,Yes,material,biotic,nan
1616783670097973250_1.jpg,No,nan,nan,nan
1609988897462706177_2.jpg,No,nan,nan,nan
1704572130237493386_0.jpg,No,nan,nan,nan
1715443766297817520_0.jpg,Yes,material,biotic,nan
1681107515075854336_1.jpg,No,nan,nan,nan
1614790536652820481_0.jpg,No,nan,nan,nan
1618323817943937025_0.jpg,Yes,material,biotic,water_bodies
1641244850707132417_0.jpg,Yes,immaterial,abiotic,nan
1587520849908834305_0.jpg,No,nan,nan,nan
1702488399729267143_0.jpg,No,nan,nan,nan
1700948247840264539_0.jpg,No,nan,nan,nan
1647133653791653889_1.jpg,No,nan,nan,nan
1507116042086019077_1.jpg,No,nan,nan,nan
1662444541176078339_0.jpg,Yes,immaterial,biotic,none
1693972285273624921_0.jpg,No,nan,nan,nan
1527198368493101056_0.jpg,Yes,nan,abiotic,nan
1491865552859680769_1.jpg,No,nan,nan,nan
1642060222905630721_0.jpg,No,nan,nan,nan
1712816454075085155_1.jpg,No,nan,abiotic,nan
1518063175244996608_0.jpg,Yes,material,biotic,artificial_surfaces
1511494895449645059_0.jpg,No,nan,nan,none
1510664423463170051_0.jpg,No,nan,nan,nan
1481144910174724098_0.jpg,No,nan,nan,nan
1681107515075854336_3.jpg,Yes,material,biotic,nan
1725228238878736410_0.jpg,No,nan,nan,nan
1629104856928514049_0.jpg,No,nan,nan,nan
1658382777018900481_0.jpg,No,nan,nan,nan
1683281843091537925_0.jpg,Yes,material,biotic,artificial_surfaces
1695240642866118764_0.jpg,No,nan,biotic,none
1490506598006996992_0.jpg,Yes,nan,biotic,nan
1518289667992522754_0.jpg,No,nan,nan,nan
1484164810547859456_0.jpg,Yes,material,biotic,nan
1647858429434683393_0.jpg,No,nan,nan,nan
1500623259519406080_0.jpg,No,nan,nan,nan
1498735822111191049_0.jpg,Yes,material,biotic,none
1675490503574388736_1.jpg,Yes,material,abiotic,artificial_surfaces
1730301668829413714_0.png,Yes,material,biotic,nan
1705025112465097093_1.jpg,Yes,nan,nan,nan
1509229971453087745_0.jpg,No,nan,nan,nan
1667880358325436416_1.jpg,No,nan,nan,nan
1491035080336175104_0.jpg,No,nan,nan,nan
1652025889901649941_3.jpg,No,nan,nan,nan
1501755721695825920_0.jpg,No,nan,nan,nan
1670507671072407554_0.jpg,No,nan,nan,nan
1507116042086019077_0.jpg,Yes,material,biotic,nan
1687268109835448320_0.jpg,Yes,immaterial,biotic,nan
1510286935822065670_0.jpg,Yes,nan,biotic,none
1642694402136047620_0.jpg,No,nan,nan,nan
1506663057191280650_0.jpg,No,nan,nan,nan
1716893308889563189_0.jpg,No,nan,nan,nan
1515571757649858564_0.jpg,No,nan,nan,nan
1649036189846962178_0.jpg,No,nan,nan,nan
1527349364779208704_2.jpg,No,nan,nan,nan
1725953014307926328_0.jpg,No,nan,nan,nan
1615696506379538433_0.jpg,No,nan,nan,nan
1640520075068276747_0.jpg,No,nan,nan,nan
1648673802006478849_0.jpg,No,nan,nan,nan
1616511879026774034_0.jpg,No,nan,nan,nan
1737911813625291120_0.jpg,Yes,material,biotic,nan
1680835725288243200_0.jpg,No,nan,nan,nan
1631188586702815232_0.png,No,nan,nan,none
1686180946070958080_2.jpg,No,nan,nan,nan
1506663057191280650_1.jpg,No,nan,nan,nan
1505908082630561796_1.jpg,Yes,material,abiotic,forest_and_seminatural_areas
1674675131413569537_0.jpg,No,material,nan,nan
1650123353431187456_0.jpg,No,nan,nan,none
1501076243491532801_0.jpg,No,nan,nan,nan
1686543333978447872_0.jpg,Yes,material,biotic,artificial_surfaces
1731660621949583659_0.jpg,No,nan,nan,nan
1647133653791653889_0.jpg,No,nan,nan,nan
1509682956163506176_0.jpg,No,nan,nan,nan
1704390912934072652_0.jpg,No,nan,nan,nan
1479936952195551235_0.jpg,Yes,immaterial,biotic,nan
1651210517082505216_0.jpg,Yes,material,biotic,nan
1698683327719641423_0.jpg,Yes,material,biotic,nan
1709283172683325645_3.jpg,No,nan,nan,nan
1479483966465974289_1.jpg,Yes,material,biotic,artificial_surfaces
1668876925111091201_0.jpg,No,nan,nan,nan
1698773924698333409_0.jpg,No,nan,nan,none
1660632601692913665_0.jpg,No,nan,nan,nan
1518591657435873280_1.jpg,No,nan,nan,nan
1730029877720424917_0.jpg,No,nan,nan,nan
1699951684997218532_0.jpg,No,nan,nan,nan
1517610190685851651_0.jpg,No,nan,nan,nan
1652841262280581122_0.jpg,Yes,material,nan,nan
1508927981556801548_0.jpg,No,nan,nan,nan
1648039623405236226_0.jpg,No,nan,nan,nan
1622581875452657664_0.jpg,No,nan,nan,nan
1623397248179511298_1.jpg,No,material,nan,nan
1660994989579546624_1.jpg,No,nan,nan,none
1478276007333445632_0.jpg,No,nan,nan,nan
1500774254417264642_0.jpg,Yes,material,nan,nan
1697052581963444505_0.jpg,Yes,material,biotic,artificial_surfaces
1732747786947297766_1.jpg,No,nan,nan,nan
1663350510479343619_0.jpg,No,nan,nan,nan
1620588742238171137_1.jpg,Yes,material,biotic,none
1493073512415870980_0.jpg,No,material,nan,nan
1477521033028685826_0.jpg,No,nan,nan,nan
1527349364779208704_0.jpg,Yes,nan,biotic,nan
1663169316588785664_0.jpg,No,nan,nan,nan
1501604726324047880_0.jpg,No,nan,nan,nan
1705206285912727694_0.jpg,No,nan,nan,nan
1670779461304762369_0.jpg,No,nan,nan,nan
1716530929668120752_0.jpg,Yes,material,biotic,artificial_surfaces
1483409834791903234_0.jpg,No,nan,nan,nan
1621766502343917569_0.jpg,No,nan,nan,nan
1618595609241419777_0.jpg,No,nan,nan,nan
1708648993956257989_0.png,No,nan,nan,nan
1625390380916121600_0.jpg,No,nan,nan,nan
1621585308956368896_0.jpg,No,nan,nan,none
1503341168389672962_0.jpg,No,nan,nan,nan
1505153107805843459_0.jpg,No,nan,nan,nan
1485221775202000900_0.png,No,nan,nan,nan
1627927096700948485_0.jpg,No,nan,nan,nan
1645049923518300164_0.jpg,No,nan,abiotic,nan
1506210072313147393_0.jpg,Yes,immaterial,biotic,nan
1732928980989456797_0.jpg,Yes,material,biotic,nan
1659636035083460608_0.jpg,No,nan,nan,nan
1726949580787617949_1.jpg,Yes,material,biotic,artificial_surfaces
1702126003332534405_0.jpg,No,material,nan,nan
1710823321204310462_0.jpg,No,nan,nan,nan
1715806153752400079_0.jpg,No,nan,nan,nan
1626658739066396688_0.jpg,Yes,material,biotic,none
1736371665477439914_0.jpg,No,nan,nan,nan
1484617795581194241_0.jpg,No,nan,nan,nan
1477823023071866881_0.jpg,No,nan,nan,nan
1498358335485222915_0.jpg,No,material,biotic,artificial_surfaces
1508776986600169472_1.jpg,No,nan,nan,nan
1511192905666347016_0.jpg,No,nan,nan,nan
1682375873658335234_1.jpg,Yes,material,biotic,artificial_surfaces
1478879987377885184_0.jpg,Yes,material,biotic,artificial_surfaces
1491714557475180545_2.png,Yes,material,biotic,agricultural_areas
1483107845604261892_1.jpg,Yes,material,abiotic,nan
1493375502077284353_0.jpg,No,nan,nan,nan
1673859758867070976_0.jpg,Yes,material,biotic,artificial_surfaces
1501755721695825920_3.jpg,No,nan,nan,nan
1727583760000880697_0.jpg,No,nan,nan,nan
1686271542093615104_0.jpg,No,nan,nan,nan
1509984946198351872_2.jpg,No,nan,nan,nan
1610985463988330497_0.jpg,Yes,material,biotic,agricultural_areas
1505908082630561796_3.jpg,Yes,material,biotic,nan
1517157205924925441_0.jpg,No,nan,nan,nan
1711910484679467032_0.jpg,No,nan,nan,nan
1675852891976785921_0.jpg,No,nan,nan,nan
1702850787578142969_0.jpg,Yes,material,abiotic,water_bodies
1526896379100073987_0.jpg,No,nan,nan,nan
1621132324292235264_0.jpg,No,nan,nan,none
1720154806667415652_0.jpg,Yes,material,biotic,nan
1683372440414453760_0.jpg,No,nan,nan,nan
1724141075265126760_0.jpg,No,nan,nan,nan
1691797958277173540_0.jpg,Yes,material,biotic,nan
1496546396127776768_1.jpg,Yes,material,biotic,artificial_surfaces
1482579363828682753_0.jpg,No,nan,nan,nan
1654562604872859648_0.jpg,No,nan,nan,none
1638708135509499904_0.jpg,Yes,material,biotic,artificial_surfaces
1488090678068498435_0.jpg,Yes,material,biotic,artificial_surfaces
1610713673273688077_0.jpg,No,nan,nan,nan
1626205754553430017_0.jpg,No,nan,nan,nan
1647043056871575553_0.jpg,No,nan,nan,nan
1649760965674647556_0.jpg,Yes,immaterial,biotic,none
1665253046211715076_0.jpg,No,nan,nan,nan
1671685431274905601_1.jpg,No,nan,nan,nan
1485976749796114434_3.jpg,No,nan,nan,nan
1511645889680531458_0.jpg,No,nan,nan,nan
1726677789557019020_0.jpg,No,nan,nan,nan
1678751994624843777_0.jpg,No,nan,nan,nan
1627202321099681792_0.jpg,No,nan,nan,none
1712544663448740084_1.jpg,Yes,material,biotic,artificial_surfaces
1720245398420210095_0.jpg,No,nan,nan,nan
1609807703546953728_0.jpg,No,nan,nan,nan
1496848385986514944_0.jpg,No,nan,nan,nan
1691073182285942785_0.jpg,No,nan,nan,nan
1627021126734848002_0.jpg,No,nan,nan,nan
1669873492148248576_0.jpg,No,nan,nan,nan
1501076243491532801_1.jpg,Yes,material,biotic,nan
1706021675295244670_0.jpg,No,nan,nan,none
1659273647339577375_0.jpg,No,nan,nan,nan
1612797403366658050_1.jpg,Yes,material,biotic,artificial_surfaces
1517232703220981760_0.jpg,No,nan,nan,nan
1733834950271484160_0.jpg,No,nan,abiotic,nan
1732475996132016501_0.jpg,No,nan,nan,nan
1740357932016083107_0.jpg,No,nan,nan,nan
1639161120564080641_0.jpg,No,nan,nan,nan
1488241673633247239_0.jpg,Yes,material,biotic,nan
1652025889901649941_0.jpg,No,nan,nan,nan
1512325367582838785_0.jpg,No,nan,nan,nan
1712272872679334118_1.jpg,No,nan,nan,nan
1645502908421603352_0.png,Yes,material,biotic,nan
1725771820530373072_0.jpg,Yes,material,biotic,water_bodies
1739270768330998259_0.jpg,Yes,immaterial,biotic,nan
1630645005692878868_0.jpg,Yes,material,biotic,nan
1480540931480858630_1.jpg,No,nan,nan,nan
1499264305195368451_0.jpg,Yes,immaterial,biotic,none
1619501579039834112_0.jpg,No,nan,nan,nan
1492469532568571904_2.jpg,No,nan,nan,nan
1729305102245150961_0.jpg,No,nan,nan,nan
1676668264632696832_0.jpg,No,nan,nan,nan
1507418031969898500_0.jpg,Yes,material,biotic,artificial_surfaces
1692069747876061630_1.jpg,No,nan,abiotic,nan
1701491832524267782_0.jpg,Yes,material,biotic,artificial_surfaces
1643509774640726019_0.jpg,No,nan,nan,nan
1488543663806464006_2.jpg,No,nan,nan,nan
1688355273436442624_0.jpg,No,nan,nan,nan
1673406773460451332_0.jpg,Yes,material,abiotic,nan
1635627839042011144_0.jpg,Yes,material,nan,nan
1654381410663243777_0.jpg,No,nan,nan,none
1493828487211331586_0.jpg,No,nan,nan,none
1691707360945860862_0.jpg,No,nan,nan,nan
1644687535635849217_0.jpg,No,nan,nan,nan
1511645889680531458_1.jpg,No,nan,nan,nan
1677302443527348224_0.jpg,Yes,material,biotic,nan
1695059448664879359_0.jpg,Yes,immaterial,biotic,none
1495715923998777347_0.jpg,No,nan,nan,nan
1662716331416776707_0.jpg,Yes,material,biotic,forest_and_seminatural_areas
1685093782696476672_0.jpg,Yes,material,biotic,nan
1707380635893944803_0.jpg,No,nan,nan,nan
1682738261138239491_0.jpg,No,nan,biotic,nan
1482805855733047299_0.jpg,Yes,material,biotic,artificial_surfaces
1506059077381607424_0.jpg,No,nan,nan,nan
1612481320738750465_0.jpg,No,nan,nan,nan
1671413640334024704_0.jpg,Yes,material,biotic,artificial_surfaces
1713178842028736632_0.jpg,No,nan,nan,nan
1498207340222464005_0.jpg,Yes,material,biotic,artificial_surfaces
1672863191091625985_0.jpg,No,nan,nan,nan
1492620527143469058_0.jpg,Yes,material,biotic,none
1688989451945435137_0.jpg,No,nan,nan,nan
1709554963519623638_0.jpg,No,nan,nan,nan
1692069747876061630_0.jpg,No,nan,nan,nan
1653928426137440256_0.jpg,No,nan,nan,nan
1638889329505312770_0.jpg,No,nan,nan,nan
1630373214873440257_0.jpg,No,nan,nan,nan
1716168542226178248_0.jpg,No,nan,nan,nan
1708920784486330431_0.jpg,No,nan,biotic,nan
1679839158477438978_0.jpg,No,nan,nan,nan
1501604726324047880_1.jpg,No,nan,nan,nan
1486278739977768960_0.jpg,Yes,material,biotic,artificial_surfaces
1701673027602161770_0.jpg,No,nan,nan,nan
1706021675295244670_3.jpg,No,immaterial,nan,nan
1654200217162469386_0.jpg,Yes,material,biotic,artificial_surfaces
1622581875452657664_1.jpg,No,nan,nan,nan
1641879029484605449_0.jpg,No,nan,nan,nan
1707833621040509050_0.jpg,Yes,material,abiotic,forest_and_seminatural_areas
1641426044769951744_0.jpg,No,nan,nan,nan
1517383697523220484_0.jpg,No,nan,nan,none
1651391711086538753_0.jpg,No,nan,nan,nan
1504851117980921859_0.jpg,No,nan,nan,nan
1722510328678740299_0.jpg,Yes,immaterial,biotic,none
1616964863980613632_0.jpg,No,nan,nan,nan
1480540931480858630_3.jpg,Yes,material,biotic,nan
1686180946070958080_1.jpg,No,nan,nan,nan
1493601994770112518_0.jpg,No,nan,nan,nan
1499113309504630784_0.jpg,No,nan,nan,nan
1652297680910012420_0.jpg,No,nan,nan,nan
1646408877020262400_0.jpg,Yes,nan,nan,none
1709645560666329363_0.jpg,Yes,material,abiotic,nan
1624665606145409026_0.jpg,No,nan,nan,nan
1689895420904812544_0.jpg,No,nan,nan,nan
1692069747876061630_3.jpg,No,nan,nan,nan
1615424715291754496_0.jpg,No,nan,nan,nan
1638979926643867648_1.jpg,No,nan,nan,nan
1663894091782926342_0.jpg,No,nan,nan,none
1704753323981640058_1.jpg,No,nan,nan,none
1659998423037145089_0.jpg,Yes,material,biotic,artificial_surfaces
1515798251387166728_0.jpg,Yes,material,biotic,nan
1664618868088643589_0.jpg,No,nan,nan,nan
1478427002721947660_0.jpg,No,nan,nan,nan
1633725301703479296_0.jpg,No,nan,nan,nan
1670960655967371268_0.jpg,No,nan,nan,none
1501755721695825920_1.jpg,No,nan,nan,nan
1504020645595680776_0.png,Yes,material,abiotic,nan
1686452736932331526_0.jpg,No,nan,nan,nan
1645865296274640910_0.jpg,Yes,material,abiotic,forest_and_seminatural_areas
1501982214162161667_0.jpg,No,nan,nan,nan
1721876150543171910_0.jpg,Yes,immaterial,biotic,nan
1668423940690018304_0.jpg,No,nan,nan,nan
1642150819993726977_0.jpg,No,nan,nan,nan
1617417847218765826_1.jpg,No,nan,nan,nan
1699226909417304351_0.jpg,Yes,material,biotic,artificial_surfaces
1645140520560107521_0.jpg,Yes,material,biotic,artificial_surfaces
1610260688269615104_1.jpg,No,nan,nan,nan
1713631826843992100_0.jpg,Yes,material,abiotic,nan
1480691926647062529_1.jpg,No,nan,nan,nan
1655377977499058182_1.jpg,Yes,nan,nan,nan
1687630497533272064_0.jpg,No,nan,nan,nan
1627474111923462144_0.jpg,Yes,material,biotic,water_bodies
1616783670097973250_0.jpg,Yes,nan,abiotic,nan
1644415744690515968_0.jpg,No,nan,nan,nan
1506663057191280650_2.jpg,No,nan,nan,nan
1518516160203001856_0.jpg,No,material,nan,nan
1492167542705729545_0.jpg,Yes,material,biotic,nan
1623397248179511298_0.jpg,Yes,material,biotic,nan
1480238941815009280_0.jpg,No,nan,abiotic,nan
1622672472909783055_0.jpg,Yes,material,abiotic,water_bodies
1670145283139813385_0.jpg,No,nan,nan,nan
1491110577967886337_0.jpg,Yes,material,biotic,artificial_surfaces
1635174854004736000_0.jpg,Yes,material,biotic,nan
1690076615630319616_0.jpg,No,nan,nan,nan
1515194271753719809_0.jpg,No,nan,nan,nan
1626477543233814528_3.jpg,Yes,material,biotic,artificial_surfaces
1690348406613389312_0.jpg,No,nan,nan,nan
1490129110345162757_0.jpg,No,nan,nan,none
1487788689048563720_0.jpg,No,nan,nan,nan
1641516641690288128_0.jpg,Yes,material,biotic,none
1512929347497349121_0.jpg,Yes,immaterial,biotic,nan
1729758085512564806_0.jpg,No,nan,nan,nan
1671866625132249089_0.jpg,No,nan,nan,nan
1497452365598707714_0.jpg,No,nan,nan,nan
1622672472909783055_1.jpg,No,nan,nan,nan
1725500029790478641_0.jpg,No,nan,nan,nan
1494130476986032133_0.jpg,Yes,immaterial,biotic,none
1632728735760744451_0.jpg,No,nan,nan,nan
1483107845604261892_0.jpg,No,nan,nan,none
1506965046659797001_0.jpg,Yes,material,abiotic,artificial_surfaces
1677030652640722948_0.jpg,No,nan,nan,nan
1690801391520919552_0.jpg,Yes,immaterial,biotic,nan
1516477728647647239_0.png,No,nan,nan,nan
1629739035328487424_0.jpg,No,nan,nan,nan
1518138672876560384_0.jpg,No,nan,nan,nan
1478728992693837834_0.jpg,No,nan,nan,nan
1686180946070958080_0.jpg,No,nan,nan,nan
1658186483633643557_0.jpg,No,nan,nan,nan
1717618085564489780_0.jpg,No,nan,nan,nan
1514212804580028419_0.jpg,No,nan,nan,nan
1714447199596118151_0.jpg,Yes,material,biotic,artificial_surfaces
1480691926647062529_0.jpg,No,material,nan,nan
1706927651632390309_1.jpg,No,nan,nan,nan
1480540931480858630_0.jpg,Yes,immaterial,biotic,nan
1635356048214347777_0.jpg,No,nan,nan,none
1495036446482259968_0.jpg,No,nan,nan,none
1480691926647062529_2.jpg,No,nan,nan,nan
1708467799411114262_0.jpg,No,nan,nan,nan
1687721094596202497_0.jpg,No,nan,nan,nan
1684187812868898816_0.jpg,No,nan,nan,nan
1704119141978804551_0.jpg,No,nan,nan,nan
1653203650414772224_0.jpg,No,nan,nan,nan
1508776986600169472_2.jpg,No,nan,nan,nan
1501302736649863175_1.jpg,No,nan,nan,nan
1676940053459640324_0.jpg,No,nan,nan,nan
1722600926710472874_0.jpg,No,nan,nan,nan
1527349364779208704_1.jpg,Yes,nan,nan,nan
1634178286984089600_0.jpg,Yes,material,biotic,forest_and_seminatural_areas
1704572130237493386_1.jpg,No,nan,nan,nan
1682466470708518912_0.jpg,No,nan,nan,nan
1669601700296941571_0.jpg,Yes,material,abiotic,nan
1637802165761634304_0.jpg,No,nan,nan,nan
1671413640334024704_1.jpg,No,nan,nan,nan
1479483966465974289_0.jpg,Yes,material,biotic,forest_and_seminatural_areas
1708467799411114262_1.jpg,No,nan,nan,nan
1679023784487944192_0.jpg,No,nan,nan,nan
1691526167348613122_0.jpg,No,nan,nan,none
1644959325696172032_2.jpg,No,nan,nan,nan
1634178286984089600_1.jpg,Yes,material,biotic,forest_and_seminatural_areas
1729848684039266677_0.jpg,No,nan,nan,nan
1488015180797775875_1.jpg,Yes,material,biotic,artificial_surfaces
1631822766214094852_0.jpg,Yes,material,biotic,artificial_surfaces
1510739920729554947_0.jpg,No,nan,nan,nan
1695965418278527472_0.jpg,No,nan,nan,nan
1699619496003014800_0.jpg,Yes,nan,nan,nan
1491714557475180545_1.png,Yes,material,biotic,nan
1495564928916221952_0.jpg,No,nan,nan,nan
1677664829379686400_0.jpg,No,nan,nan,nan
1526896379100073987_1.jpg,Yes,immaterial,nan,nan
1738274201897771303_0.jpg,Yes,immaterial,biotic,nan
1662988122953506816_0.jpg,No,nan,nan,nan
1717527496319439182_1.jpg,Yes,material,biotic,nan
1641063657025970181_1.jpg,No,nan,nan,nan
1661266780122226689_0.jpg,No,nan,nan,nan
1513608824762114053_0.jpg,No,nan,nan,nan
1638164554071908354_0.jpg,Yes,material,biotic,artificial_surfaces
1724412866122424477_0.jpg,Yes,material,biotic,artificial_surfaces
1617417847218765826_3.jpg,Yes,nan,nan,nan
1506587559152992259_0.jpg,Yes,material,biotic,nan
1511343900434259983_0.jpg,No,material,nan,nan
1696146593173405943_0.jpg,No,nan,nan,nan
1701763624551784850_0.jpg,No,nan,nan,nan
1490657592653320193_0.jpg,No,nan,nan,nan
1626477543233814528_1.jpg,Yes,nan,biotic,nan
1728942714014797848_0.jpg,No,nan,nan,nan
1508776986600169472_0.jpg,No,nan,nan,nan
1737821217199960481_0.jpg,No,nan,nan,nan
1496999380628422658_0.jpg,Yes,material,biotic,none
1706021675295244670_1.jpg,No,nan,nan,nan
1612978597358194690_0.jpg,No,nan,nan,nan
1679476769332555777_1.jpg,Yes,material,biotic,artificial_surfaces
1649398577838317569_0.jpg,No,nan,nan,nan
1642875596366544896_0.png,Yes,immaterial,nan,nan
1677936622065598465_0.jpg,No,nan,nan,nan
1692492534969229366_0.png,Yes,material,biotic,artificial_surfaces
1696237209530073544_0.jpg,No,nan,nan,nan
1646499474603225088_1.jpg,Yes,immaterial,biotic,nan
1722419732928983549_0.jpg,No,nan,nan,nan
1688717661390180352_0.jpg,No,nan,nan,nan
1732204205144678849_0.jpg,No,nan,nan,nan
1668695731337568261_0.jpg,No,nan,nan,nan
1639161120564080641_1.jpg,Yes,material,biotic,nan
1701401235935424671_0.jpg,Yes,material,abiotic,nan
1628651872251781120_0.jpg,No,nan,nan,nan
1703484963650146589_0.jpg,No,nan,nan,nan
1726949580787617949_2.jpg,Yes,material,biotic,artificial_surfaces
1687268109835448320_3.jpg,Yes,immaterial,biotic,water_bodies
1482277373416407040_0.jpg,No,nan,nan,nan
1696418402032619739_0.jpg,No,nan,nan,none
1693338106143887547_0.jpg,No,nan,nan,nan
1613884566929907714_0.jpg,No,nan,nan,nan
1649851562766811136_0.jpg,No,nan,nan,artificial_surfaces
1652388277666852866_0.jpg,No,nan,nan,none
1675490503574388736_2.jpg,No,nan,nan,nan
1681107515075854336_0.jpg,No,nan,nan,nan
1657824095843622912_0.jpg,No,nan,nan,nan
1660723198546026498_0.jpg,No,nan,nan,nan
1504247138322165767_1.jpg,No,nan,nan,nan
1732747786947297766_2.jpg,No,nan,nan,nan
1639251717698080768_0.jpg,No,nan,nan,nan
1492922517484453889_0.jpg,Yes,material,nan,nan
1680926322153930753_0.jpg,Yes,material,biotic,artificial_surfaces
1480993916539265025_0.jpg,No,nan,nan,nan
1685909155079503873_0.jpg,Yes,material,abiotic,nan
1720517196282032261_0.jpg,Yes,material,biotic,artificial_surfaces
1501302736649863175_0.jpg,No,nan,nan,nan
1676305876246753282_0.jpg,Yes,material,biotic,none
1674040952120389638_0.jpg,No,nan,nan,nan
1477974017873260548_0.jpg,No,material,nan,nan
1628651872251781120_1.jpg,Yes,material,biotic,nan
1647133653791653889_3.jpg,No,nan,nan,nan
1514816783563124745_0.jpg,Yes,material,biotic,nan
1502359701505384458_0.jpg,Yes,material,biotic,artificial_surfaces
1681379306415505412_0.jpg,No,nan,nan,nan
1661900959373565953_0.jpg,Yes,material,biotic,nan
1516175738864611328_0.jpg,Yes,material,biotic,artificial_surfaces
1717074503082135966_0.jpg,No,material,nan,nan
1658458274650357761_0.png,No,nan,nan,nan
1702669593729175719_0.jpg,No,nan,nan,nan
1513155839913336844_0.jpg,No,nan,nan,none
1690439003609432064_0.jpg,Yes,material,biotic,nan
1696871388332580868_0.jpg,No,nan,nan,nan
1647586638590095362_0.jpg,No,nan,nan,none
1484013815809384449_0.jpg,No,nan,nan,nan
1629195454448558082_0.jpg,No,nan,nan,nan
1739361364743696523_0.jpg,No,nan,nan,nan
1510135940613873666_0.jpg,No,nan,nan,nan
1500019279873421312_0.jpg,No,nan,nan,nan
1663803494728335361_0.jpg,No,nan,nan,nan
1692341540037787762_0.jpg,No,nan,nan,nan
1479408469526687745_0.jpg,Yes,immaterial,nan,nan
1639976493349584897_0.jpg,No,nan,nan,nan
1514665789458112522_0.jpg,Yes,material,abiotic,water_bodies
1638708135509499904_1.jpg,Yes,material,biotic,artificial_surfaces
1637620972147683331_0.jpg,No,nan,nan,nan
1499868284862226435_0.jpg,No,nan,nan,nan
1511192905666347016_1.jpg,No,nan,nan,nan
1665706031870103555_0.jpg,Yes,material,biotic,artificial_surfaces
1704572130237493386_2.jpg,No,nan,nan,nan
1702216608872063157_0.jpg,No,nan,nan,none
1508625991593250820_0.jpg,No,nan,nan,nan
1710370335432794598_0.jpg,No,nan,nan,nan
1485901252403814408_0.jpg,No,nan,nan,nan
1637258584307167233_0.jpg,No,nan,nan,none
1611619643000586240_0.jpg,No,nan,nan,nan
1499868284862226435_2.jpg,No,nan,nan,nan
1664800062172438528_0.jpg,No,nan,nan,nan
1483032347931037696_0.jpg,No,nan,nan,nan
1661900959373565953_3.jpg,No,nan,nan,nan
1638889329505312770_1.jpg,Yes,material,abiotic,nan
1673769161896370216_0.jpg,No,nan,nan,nan
1617236654678282240_0.jpg,No,nan,nan,nan
1516628723738501124_0.jpg,No,nan,nan,nan
1626342656623124480_0.jpg,No,nan,nan,nan
1636986792485216257_0.jpg,No,nan,nan,nan
1505681590168567812_0.jpg,No,nan,nan,nan
1616964863980613632_1.jpg,No,nan,nan,nan
1637892763248107525_0.jpg,No,nan,nan,nan
1479483966465974289_3.jpg,Yes,material,biotic,forest_and_seminatural_areas
1505304102938492935_0.png,Yes,material,nan,nan
1686724527651241984_0.jpg,Yes,material,abiotic,water_bodies
1660451407911088128_0.jpg,No,nan,nan,nan
1487184709675278340_0.jpg,No,nan,nan,nan
1687086915185487873_0.jpg,No,nan,abiotic,nan
1630826199273332738_0.jpg,Yes,immaterial,biotic,nan
1661719765323329538_0.jpg,No,nan,nan,nan
1741082706920837128_0.jpg,No,nan,nan,nan
1646046489792184321_0.jpg,Yes,material,biotic,artificial_surfaces
1694515866887458819_0.jpg,Yes,material,biotic,nan
1496319903774781443_0.png,No,nan,nan,nan
1507644524553814018_3.jpg,Yes,material,abiotic,nan
1477370038151573504_0.jpg,No,nan,nan,nan
1494507964220198913_0.jpg,No,nan,nan,nan
1489525130933981187_0.jpg,Yes,material,biotic,nan
1503794153381105668_1.jpg,Yes,immaterial,biotic,none
1509984946198351872_1.jpg,Yes,nan,nan,nan
1618867399909933056_0.jpg,Yes,nan,biotic,nan
1709283172683325645_2.jpg,No,nan,nan,nan
1740720319923421388_0.jpg,No,nan,nan,nan
1492847018888335360_0.jpg,No,nan,nan,nan
1477143545790320642_0.jpg,No,nan,nan,nan
1733200771691221139_1.jpg,No,nan,nan,nan
1612163224484601858_0.jpg,No,material,nan,nan
1478125011974213636_0.jpg,No,nan,nan,nan
1736643456272130496_0.jpg,No,nan,nan,nan
1665887225702232064_0.jpg,No,nan,nan,nan
1672681997309816838_0.jpg,No,nan,nan,nan
1636352614618087429_0.png,Yes,material,abiotic,none
1496319903774781443_1.jpg,Yes,material,biotic,artificial_surfaces
1479483966465974289_2.jpg,Yes,material,abiotic,nan
1655649768377311240_0.jpg,No,nan,nan,nan
1500472264562819072_0.jpg,No,nan,nan,nan
1667064985879453696_0.jpg,Yes,immaterial,abiotic,artificial_surfaces
1658730064479961088_0.jpg,Yes,material,biotic,nan
1631007393730514963_0.jpg,No,nan,nan,nan
1505832584558755847_0.jpg,No,nan,nan,nan
1630192020810616833_0.jpg,Yes,material,biotic,nan
1706021675295244670_2.jpg,No,material,nan,nan
1721604359845191701_0.jpg,No,nan,nan,none
1490204607297036288_1.jpg,No,nan,nan,nan
1722510328678740299_1.jpg,No,nan,nan,nan
1683825425225482241_3.jpg,No,nan,nan,nan
1513835315869454341_2.jpg,No,nan,nan,none
1709283172683325645_0.jpg,No,material,nan,nan
1513835315869454341_0.jpg,No,nan,nan,nan
1683553633843986435_0.jpg,No,nan,nan,none
1728489729572638906_0.jpg,No,immaterial,nan,nan
1504247138322165767_2.jpg,No,nan,nan,nan
1512400865075757059_0.jpg,No,nan,nan,nan
1727040178060214463_0.jpg,No,nan,nan,artificial_surfaces
1683825425225482241_2.jpg,No,nan,nan,none
1675399905811070977_0.jpg,Yes,material,biotic,artificial_surfaces
1733472562829774939_0.jpg,No,nan,nan,nan
1732928980989456797_1.jpg,Yes,material,biotic,artificial_surfaces
1481748891670401033_0.jpg,No,nan,nan,nan
1502435198725668870_0.jpg,No,nan,nan,nan
1688083482356875264_0.jpg,No,nan,nan,nan
1638979926643867648_0.jpg,No,nan,nan,nan
1653384844527693824_0.jpg,Yes,material,biotic,none
1481899886283042823_0.jpg,No,material,nan,nan
1648311414363226116_0.jpg,Yes,immaterial,biotic,none
1504700122520862737_0.jpg,No,nan,nan,nan
1480842921230413824_0.jpg,Yes,material,abiotic,nan
1623216054221635584_0.png,No,nan,biotic,nan
1650304547544342528_0.jpg,No,nan,nan,nan
1661357377029898241_0.jpg,No,nan,nan,nan
1574082299771195392_1.jpg,Yes,nan,biotic,nan
1495036446482259968_1.jpg,No,nan,nan,nan
1682194679171891200_0.jpg,No,nan,nan,nan
1500245771953659905_0.jpg,Yes,immaterial,biotic,none
1665977821557059587_0.jpg,Yes,immaterial,biotic,nan
1504624625589932038_0.jpg,No,nan,biotic,nan
1495715923998777347_1.jpg,No,material,biotic,nan
1574082299771195392_0.jpg,No,nan,nan,nan
1512627357479223296_0.jpg,Yes,material,biotic,nan
1684459603512131584_0.jpg,No,nan,nan,none
1727583760000880697_1.jpg,No,nan,nan,nan
1503718655334359041_0.jpg,No,nan,nan,nan
1479181977618112512_0.jpg,Yes,material,biotic,artificial_surfaces
1701673027602161770_1.jpg,No,nan,nan,nan
1496395400722489344_0.jpg,No,nan,nan,nan
1713903603398688778_0.jpg,Yes,immaterial,nan,none
1505908082630561796_0.jpg,Yes,material,biotic,nan
1730211071980400739_0.jpg,No,nan,nan,nan
1620226354431270913_0.jpg,Yes,nan,biotic,nan
1480842921230413824_1.jpg,Yes,material,biotic,artificial_surfaces
1679476769332555777_0.jpg,Yes,material,biotic,artificial_surfaces
1661900959373565953_2.jpg,No,nan,nan,nan
1727764953749127479_0.jpg,No,nan,nan,nan
1656283947377065988_0.jpg,No,nan,nan,nan
1694425270105837644_0.jpg,No,nan,nan,nan
1674765728233259011_0.jpg,No,nan,nan,nan
1480540931480858630_2.jpg,No,nan,nan,nan
1484844287493820420_2.jpg,Yes,material,biotic,artificial_surfaces
1634178286984089600_2.jpg,Yes,material,biotic,artificial_surfaces
1668242746870513666_0.jpg,No,nan,nan,nan
1501604726324047880_2.jpg,No,nan,nan,nan
1719067645025149214_2.jpg,No,nan,nan,nan
1509078976345653251_0.jpg,No,nan,nan,nan
1739814350045446472_0.jpg,No,nan,nan,nan
1478577997821231113_0.png,No,nan,nan,nan
1684006618894049287_3.jpg,No,nan,nan,nan
1740357932016083107_2.jpg,Yes,material,biotic,nan
1494054978817830921_0.png,No,nan,nan,nan
1486429734737264641_0.jpg,No,nan,nan,nan
1507644524553814018_0.jpg,No,nan,nan,nan
1660904391661047808_0.jpg,No,nan,nan,nan
1492469532568571904_1.jpg,Yes,material,abiotic,other
1628923663608082434_0.jpg,No,nan,nan,nan
1513004844658749443_0.jpg,No,nan,nan,water_bodies
1633634705756020736_0.jpg,No,nan,nan,nan
1489751623614320640_1.jpg,No,nan,nan,nan
1503039178577256452_0.jpg,Yes,material,abiotic,none
1639976493349584897_2.jpg,No,nan,nan,nan
1711638693486764409_0.jpg,No,nan,nan,nan
1633815899558883329_0.jpg,No,nan,nan,nan
1700132876329587115_0.jpg,No,nan,nan,nan
1687268109835448320_1.jpg,Yes,immaterial,nan,nan
1613431582303428609_0.jpg,No,nan,nan,nan
1491714557475180545_0.png,Yes,material,biotic,none
1659817228559175681_0.jpg,No,nan,nan,nan
1683825425225482241_0.jpg,No,nan,nan,nan
1646499474603225088_0.jpg,No,nan,nan,nan
1709283172683325645_1.jpg,No,nan,nan,nan
1492469532568571904_0.jpg,No,nan,nan,nan
1703394369271636175_0.jpg,No,nan,nan,nan
1734016144464368007_0.jpg,No,nan,nan,nan
1488468166325858304_0.jpg,No,nan,nan,nan
1491563563005227011_0.jpg,No,nan,nan,nan
1633725301703479296_1.jpg,No,nan,nan,nan
1682375873658335234_2.jpg,Yes,material,biotic,artificial_surfaces
1706927651632390309_0.jpg,No,nan,nan,nan
1728036744702963719_0.jpg,No,nan,nan,nan
1688536465435721729_0.jpg,No,nan,nan,nan
1502737188445949956_0.jpg,No,nan,nan,nan
1709917351221886992_0.jpg,No,nan,nan,nan
1517912180024397826_0.jpg,Yes,material,biotic,artificial_surfaces
1729486295754314124_0.jpg,No,nan,nan,nan
1613159791379062785_0.jpg,No,nan,nan,nan
1652025889901649941_2.jpg,No,nan,nan,nan
1647133653791653889_2.jpg,Yes,material,biotic,none
1514514794472095752_0.jpg,No,nan,nan,nan
1491261572546985988_0.jpg,No,nan,nan,nan
1506587559152992259_1.jpg,No,nan,nan,none
1487033714643247105_0.jpg,No,nan,nan,nan
1707199442028302423_0.jpg,Yes,material,biotic,artificial_surfaces
1511645889680531458_3.jpg,No,nan,nan,nan
1684550200575004675_0.jpg,No,nan,nan,nan
1638708135509499904_2.jpg,Yes,material,biotic,artificial_surfaces
1625662172708601858_0.jpg,No,nan,nan,none
1625843366465265666_0.jpg,Yes,immaterial,biotic,none
1492318537691635714_0.jpg,No,nan,nan,nan
1620679338692857856_0.jpg,No,nan,nan,nan
1689895420904812544_1.jpg,No,nan,nan,nan
1485976749796114434_0.jpg,No,nan,nan,nan
1674493936595877888_0.jpg,No,nan,nan,nan
1675490503574388736_0.jpg,No,nan,nan,nan
1692160345786229087_0.jpg,Yes,immaterial,abiotic,nan
1482654860956811264_0.jpg,No,nan,nan,nan
1497754355541450754_0.jpg,No,nan,nan,nan
1507116042086019077_2.jpg,No,nan,nan,nan
1669329910605791235_0.jpg,No,nan,nan,nan
1615334118446825475_0.jpg,No,nan,nan,nan
1637349179797258240_0.jpg,No,nan,nan,nan
1664800062172438528_1.jpg,No,nan,nan,nan
1479710459544715266_0.jpg,No,nan,nan,nan
1725409432559894910_0.jpg,No,nan,nan,nan
1491865552859680769_0.jpg,No,nan,nan,nan
1644959325696172032_1.jpg,No,nan,nan,nan
1617569850410385413_0.jpg,No,nan,nan,nan
1671685431274905601_0.jpg,No,nan,nan,nan
1507946513917382657_0.jpg,No,nan,nan,nan
1510437930975776773_0.jpg,No,nan,nan,nan
1651663501721497628_0.jpg,No,nan,nan,nan
1481446901325041664_0.jpg,No,nan,nan,nan
1616602475900932099_0.jpg,No,nan,nan,nan
1685546766912172032_0.jpg,No,nan,nan,nan
1653022456393728000_0.jpg,Yes,immaterial,biotic,nan
1498509329753952256_0.jpg,No,nan,nan,nan
1511041910542155782_0.jpg,No,nan,nan,nan
1497150374687485953_0.jpg,Yes,material,biotic,nan
1711910484679467032_1.jpg,No,nan,nan,nan
1710279739418509414_0.jpg,No,nan,nan,nan
1623034860561473536_0.jpg,No,nan,nan,nan
1620407548733161475_0.jpg,No,nan,nan,nan
1692069747876061630_2.jpg,No,nan,nan,nan
1495715923998777347_2.jpg,Yes,material,biotic,nan
1700314072963485699_0.jpg,Yes,nan,biotic,nan
1721694957008748986_0.jpg,No,nan,nan,nan
1624846800052969475_0.jpg,No,nan,nan,nan
1655649768377311240_1.jpg,No,nan,nan,nan
1658911259469783041_0.png,No,nan,nan,nan
1703484963650146589_1.jpg,No,nan,nan,nan
1646861862678454272_0.png,No,nan,nan,nan
1674131549741109250_0.jpg,Yes,material,biotic,artificial_surfaces
1673769161896370216_2.jpg,No,nan,nan,nan
1630554408994983937_0.jpg,No,nan,nan,nan
1624122024204304394_0.jpg,No,nan,nan,none
1496168908679696386_0.jpg,No,nan,nan,nan
1612797403366658050_0.jpg,No,nan,nan,nan
1663894091782926342_1.jpg,No,nan,nan,nan
1477823023071866881_1.jpg,Yes,immaterial,biotic,none
1718614659392024746_0.jpg,Yes,material,biotic,artificial_surfaces
1514061809459908609_0.jpg,No,nan,nan,nan
1511192905666347016_2.jpg,No,nan,nan,nan
1626749336343261184_0.jpg,No,material,nan,nan
1480842921230413824_3.jpg,Yes,material,biotic,artificial_surfaces
1610260688269615104_0.jpg,No,nan,nan,nan
1639976493349584897_1.jpg,No,nan,nan,nan
1680926322153930753_1.jpg,No,nan,nan,nan
1644959325696172032_0.jpg,Yes,material,biotic,nan
1502963680127987712_0.jpg,No,nan,nan,nan
1667880358325436416_2.jpg,No,nan,nan,nan
1636896196353486855_0.jpg,Yes,material,abiotic,water_bodies
1708830187679269362_0.jpg,No,nan,nan,nan
1648492608296226818_0.jpg,No,nan,nan,nan
1509984946198351872_0.jpg,No,nan,nan,nan
1490204607297036288_0.jpg,No,nan,nan,nan
1671323043287670786_0.jpg,No,nan,nan,nan
1716349735655604505_0.jpg,No,nan,nan,nan
1706293472754278882_0.jpg,Yes,immaterial,biotic,nan
1689351840188518400_0.jpg,No,nan,nan,nan
1724050477594124448_0.jpg,No,nan,nan,nan
1639161120564080641_2.jpg,No,material,nan,nan
1643781566076792832_0.jpg,No,nan,nan,nan
1487637694108872705_0.jpg,No,nan,nan,nan
1698502132725395458_0.jpg,No,material,nan,artificial_surfaces
1489223141419274246_0.jpg,No,nan,nan,nan
1508776986600169472_3.jpg,Yes,material,biotic,artificial_surfaces
1712272872679334118_0.jpg,No,nan,nan,nan
1507644524553814018_1.jpg,Yes,immaterial,biotic,forest_and_seminatural_areas
1509833950511910913_0.png,No,nan,nan,nan
1683825425225482241_1.jpg,No,nan,nan,nan
1495338435388788742_0.jpg,Yes,material,biotic,none
1704843921031848077_0.jpg,No,nan,nan,nan
1665434240924655616_0.jpg,No,nan,nan,nan
1643690968950996992_0.jpg,Yes,material,biotic,artificial_surfaces
1710279739418509414_1.jpg,No,nan,nan,none
1627655305541681154_0.jpg,No,nan,nan,nan
1638345747929219077_0.jpg,No,nan,nan,nan
1501906716237217799_0.jpg,No,nan,nan,nan
1503794153381105668_0.jpg,No,nan,nan,nan
1642513208261980162_0.jpg,No,nan,nan,nan
1488770154574102530_0.jpg,No,nan,nan,nan
1688898855033565186_0.png,No,nan,nan,nan
1489751623614320640_0.jpg,No,nan,nan,nan
1679295575471079425_0.jpg,No,nan,nan,nan
1740357932016083107_3.jpg,Yes,material,biotic,artificial_surfaces
1484919785351696390_0.jpg,No,nan,nan,nan
1629739035328487424_1.jpg,No,nan,nan,nan
1655377977499058182_0.jpg,No,nan,nan,none
1489902618092605445_0.jpg,No,nan,nan,nan
1632819333113217024_0.jpg,No,nan,nan,nan
1478125011974213636_1.jpg,No,nan,nan,nan
1640610671527067650_0.jpg,Yes,material,abiotic,nan
1656736932003446791_0.jpg,No,material,nan,nan
1636171420685279233_0.jpg,No,nan,nan,nan
1486580729605615617_0.jpg,No,nan,nan,nan
1504473630612213770_0.jpg,Yes,nan,nan,nan
1717799261906014533_0.jpg,Yes,material,biotic,forest_and_seminatural_areas
1640338881106132992_0.jpg,No,nan,nan,nan
1732294801054191905_0.jpg,No,nan,nan,nan
1650848129388879872_0.jpg,Yes,material,nan,nan
1733019576210686192_0.jpg,Yes,nan,biotic,nan
1652569471708528640_0.jpg,No,nan,nan,nan
1618323817943937025_1.jpg,No,nan,nan,none
1495187441690370048_0.jpg,No,nan,nan,nan
1516024743618564100_0.jpg,No,nan,nan,nan
1701944816911708420_0.jpg,Yes,immaterial,biotic,none
1684006618894049287_0.jpg,Yes,material,biotic,none
1689442436781670400_0.jpg,No,nan,nan,none
1620588742238171137_2.jpg,No,nan,nan,nan
1656918126162767872_0.jpg,Yes,nan,nan,none
1689080049264115712_0.jpg,No,nan,nan,nan
1510966413082734599_0.jpg,Yes,material,biotic,forest_and_seminatural_areas
1634268884583718912_0.jpg,No,nan,nan,nan
1633000526940872708_0.jpg,Yes,immaterial,nan,nan
1695421836438175971_0.jpg,No,nan,nan,nan
1740357932016083107_1.jpg,Yes,material,abiotic,water_bodies
1613884566929907714_1.jpg,No,nan,nan,nan
1514439296639541252_0.jpg,No,nan,nan,nan
1684006618894049287_1.jpg,Yes,immaterial,biotic,nan
1511947880214372356_0.jpg,No,nan,nan,nan
1710370335432794598_1.jpg,No,nan,nan,nan
1671141849849888772_0.jpg,Yes,material,biotic,artificial_surfaces
1737368231835263240_0.jpg,Yes,material,biotic,nan
1673769161896370216_1.jpg,No,nan,nan,nan
1484315805533675522_0.jpg,No,nan,nan,nan
1574082299771195392_2.jpg,No,nan,nan,nan
1494281471418421249_0.jpg,No,nan,nan,nan
1731932413863821432_0.jpg,No,nan,nan,nan
1616149491219824650_1.jpg,Yes,immaterial,biotic,none
1669964088477114370_0.png,No,nan,nan,nan
1497980848037154826_0.jpg,No,nan,nan,nan
1626477543233814528_0.jpg,Yes,immaterial,biotic,nan
1526669887468355589_0.jpg,No,material,nan,nan
1681741694713077762_0.jpg,No,nan,nan,nan
1712816454075085155_0.jpg,Yes,material,biotic,nan
1517006211085910016_0.jpg,No,nan,nan,nan
1682375873658335234_0.jpg,Yes,material,biotic,artificial_surfaces
1729576893014294931_0.jpg,No,material,nan,nan
1485976749796114434_1.jpg,Yes,material,biotic,artificial_surfaces
1616964863980613632_3.jpg,No,nan,nan,nan
1623578442196217856_0.jpg,No,nan,nan,nan
1703937951644766350_0.jpg,Yes,material,biotic,artificial_surfaces
1740992110797422759_0.jpg,No,nan,nan,nan
1687268109835448320_2.jpg,Yes,immaterial,biotic,nan
1515345266194276354_0.jpg,No,nan,nan,nan
1727946147623231938_0.jpg,No,nan,nan,nan
1658186483633643557_1.jpg,No,nan,nan,nan
1527349364779208704_3.jpg,No,nan,nan,nan
1483107845604261892_3.jpg,No,nan,nan,none
1662082153155375104_0.jpg,No,nan,nan,nan
1659545438188457985_0.jpg,Yes,material,biotic,none
1677755427256258569_0.jpg,No,nan,nan,nan
1633453511877828610_0.jpg,No,nan,nan,nan
1672229012976877570_0.jpg,No,nan,nan,nan
1612253821761191937_0.jpg,Yes,material,biotic,nan
1507267036556238850_0.jpg,No,nan,nan,nan
1686180946070958080_3.jpg,No,nan,nan,nan
1678570800960487427_0.jpg,No,nan,nan,none
1678208410590879746_0.jpg,No,nan,nan,nan
1638708135509499904_3.jpg,Yes,material,biotic,artificial_surfaces
1625027993566609409_0.jpg,Yes,immaterial,biotic,nan
1617417847218765826_0.jpg,No,nan,nan,nan
1663894091782926342_2.jpg,Yes,material,biotic,nan
1512702854070517761_0.jpg,Yes,material,biotic,nan
1484844287493820420_1.jpg,Yes,material,biotic,none
1714266005768130977_0.jpg,No,nan,nan,nan
1654834395478458369_0.jpg,Yes,material,biotic,artificial_surfaces
1510286935822065670_1.jpg,No,nan,nan,none
1667699165172736006_0.jpg,No,nan,nan,none
1694123280188289531_0.jpg,No,nan,nan,nan
1657099319701393436_0.jpg,No,nan,nan,none
1733381965229723833_0.jpg,No,nan,nan,nan
1727583760000880697_2.jpg,No,nan,nan,nan
1487335703084036096_0.jpg,No,nan,nan,nan
1658005289398927368_0.jpg,No,nan,nan,none
1719430032873967835_0.jpg,No,nan,nan,nan
1507644524553814018_2.jpg,Yes,material,biotic,forest_and_seminatural_areas
1512098875326279683_0.jpg,No,nan,nan,nan
