task_id,platform_id,coding-game_reason,coding_game,extras,harmful_any,harmful_visual,landcover-type_text,landcover-type_visual_0,landscape-type_expl_visual_0,landscape-type_expl_visual_3,landscape-type_other_text,landscape-type_other_visual_0,landscape-type_text,landscape-type_visual_0,landscape-type_visual_1,landscape-type_visual_2,landscape-type_visual_3,language_correct,media_relevant,nature_any,nature_text,nature_visual,nep_biological_expl_text,nep_biological_expl_visual_0,nep_biological_expl_visual_1,nep_biological_text,nep_biological_visual_0,nep_biological_visual_1,nep_biological_visual_2,nep_biological_visual_3,nep_materiality_expl_text,nep_materiality_expl_visual_0,nep_materiality_text,nep_materiality_visual_0,nep_materiality_visual_1,nep_materiality_visual_2,nep_materiality_visual_3,timestamps,user_ids
9338,1477596530618077184,,No,,,,,,,,,,none;none,none;none,none;none,none;none,none;none,Yes;Yes,,No;No,No;Yes,No,,,,,,,,,,,,,,,,2025-03-31 08:04:41.322610+00:00;2025-03-27 23:00:43.261538+00:00,7;16
9339,1479332972339740672,,No,,,,,,,,,,none;none,none;none,none;none,none;none,none;none,Yes;Yes,,No;Yes,No;No,No;Yes,,,,,,,,,,,,,,,,2025-03-31 08:44:20.496659+00:00;2025-03-31 08:47:02.061324+00:00,17;30
9340,1497905350657249282,,No;No,,,,,,,,,,,,,,,Yes;Yes,,No;No,No;No,No;No,,,,,,,,,,,,,,,,2025-04-01 07:27:04.362535+00:00;2025-04-01 07:43:20.485596+00:00,1;42
9341,1671549536177643520,,No,,,,,,,,,,none;none,none;none,none;none,none;none,none;none,Yes;Yes,,No;No,No;No,No;No,,,,,,,,,,,,,,,,2025-03-27 12:04:20.764257+00:00;2025-03-31 08:37:37.549695+00:00,7;31
9342,1671851526174670857,,Yes,,,,,,,,,,none;none,none;none,none;none,none;none,none;none,Yes;Yes,,Yes;No,Yes;No,No;No,,,,biotic;biotic,,,,,,,immaterial;material,,,,,2025-03-31 09:49:26.262384+00:00;2025-03-28 11:16:33.662047+00:00,7;16
9343,1672032720052944899,,No;No,,,,,,,,,,none;none;none,artificial_surfaces;none;artificial_surfaces,none;none;none,none;none;none,none;none;none,Yes;Yes;Yes,Image 1;Image 1;Image 1,Yes;Yes;Yes,Yes;Yes;No,Yes;Yes;Yes,,,,biotic;biotic,biotic;biotic;biotic,,,,,,material;material,material;material;material,,,,2025-03-27 12:06:59.106898+00:00;2025-03-31 08:48:03.061683+00:00;2025-03-31 08:45:57.009543+00:00,7;15;17
9344,1672153515928502272,,No;No,,,,,,,,,,,,,,,Yes;Yes,,No;No,No;No,No;No,,,,,,,,,,,,,,,,2025-03-31 22:30:42.839904+00:00;2025-04-01 08:33:00.849359+00:00,1;42
9345,1672304511015067649,,No,,,,,,,,,,none;none,none;none,none;none,none;none,none;none,Yes;Yes,,No;No,No;No,No;No,,,,,,,,,,,,,,,,2025-03-27 12:08:22.451207+00:00;2025-03-28 11:16:56.764939+00:00,7;16
9346,1672455505879392264,,No;No;No,Video game,,,,,,,,,none;none;none,none;none;none,none;none;none,none;none;none,none;none;none,Yes;Yes;Yes,Image 1;Image 1,Yes;Yes;No,No;No;No,Yes;Yes;No,,,,,biotic;biotic,,,,,,,material;immaterial,,,,2025-03-31 08:46:33.992908+00:00;2025-03-31 08:46:59.567440+00:00;2025-03-31 08:37:01.756336+00:00,16;17;31
9347,1672757495666802688,,No,,,,,,,,,,none;none,none;none,none;none,none;none,none;none,Yes;Yes,,No;No,No;No,No;No,,,,,,,,,,,,,,,,2025-03-27 12:09:06.361261+00:00;2025-03-31 08:37:51.580600+00:00,7;31
9348,1673089684480708610,,No,,,,,,,,,,none;none,none;none,none;none,none;none,none;none,Yes;Yes,Image 1,Yes;Yes,Yes;No,No;Yes,,,,abiotic,abiotic,,,,,,material,immaterial,,,,2025-03-27 12:10:45.421685+00:00;2025-03-31 08:40:39.359836+00:00,7;31
9349,1673210480494796801,,No;No,Sport;Sport,,,,,,,,,none;none,"none,forest_and_seminatural_areas;artificial_surfaces","none,forest_and_seminatural_areas;none","none,forest_and_seminatural_areas;none","none,forest_and_seminatural_areas;none",Yes;Yes,"Image 1,Image 2,Image 3,Image 4;Image 1",Yes;Yes,No;No,Yes;Yes,,,,,biotic;biotic,,,,,,,material;material,,,,2025-03-31 08:50:07.868157+00:00;2025-03-31 08:47:44.919743+00:00,7;17
9350,1673376575079825414,,No;No,,,,,,,,,,none;none,none;none,none;none,none;none,none;none,Yes;Yes,,No;No,No;No,No;No,,,,,,,,,,,,,,,,2025-03-31 08:48:20.555652+00:00;2025-03-31 08:49:02.374490+00:00,17;30
9351,1498056345580417025,,No;No,,,,,,,,,,none;none,none;none,none;none,none;none,none;none,Yes;Yes,Image 1,Yes;No,No;No,Yes;No,,,,,biotic,,,,,,,immaterial,,,,2025-03-31 08:49:30.877640+00:00;2025-03-31 08:50:50.840594+00:00,17;30
9352,1673512470525403137,,No;No,,,,,,,,,,none;none,none;none,none;none,none;none,none;none,Yes;Yes,,No;No,No;No,No;No,,,,,,,,,,,,,,,,2025-03-31 08:50:41.381445+00:00;2025-03-31 08:49:40.508753+00:00,7;17
9353,1673708763893858306,,No;No,,,,,,,,,,none;none,none;none,none;none,none;none,none;none,Yes;Yes,,No;No,No;No,No;No,,,,,,,,,,,,,,,,2025-03-31 08:49:55.760877+00:00;2025-03-31 08:51:00.413066+00:00,17;30
9354,1673844659431305216,,No;No,,,,,,,,,,none;none,none;none,none;none,none;none,none;none,Yes;Yes,,No;No,No;No,No;No,,,,,,,,,,,,,,,,2025-03-31 08:50:31.383210+00:00;2025-03-31 08:50:16.250225+00:00,7;17
9355,1673965455323828224,,No;No,,,,,,,,,,none;none,none;none,none;none,none;none,none;none,Yes;Yes,,No;No,No;No,No;No,,,,,,,,,,,,,,,,2025-03-31 08:50:25.590316+00:00;2025-03-31 08:51:05.485836+00:00,17;30
9356,1674131549770641409,,No;No,,,,,,,,,,none;none,none;none,none;none,none;none,none;none,Yes;Yes,,No;No,No;No,No;No,,,,,,,,,,,,,,,,2025-03-31 08:50:30.936425+00:00;2025-03-31 08:50:55.505413+00:00,17;30
9357,1674267445165686784,,No;No,,,,,,,,,,none;none,none;none,none;none,none;none,none;none,Yes;Yes,,No;Yes,No;Yes,No;No,,,,biotic,,,,,,,immaterial,,,,,2025-03-31 08:51:31.222956+00:00;2025-03-31 08:51:13.546865+00:00,7;17
9358,1674418440172625920,,No;No,Health,,,,,,,,,none;none,none;none,none;none,none;none,none;none,Yes;Yes,Image 1;Image 1,Yes;Yes,No;No,Yes;Yes,,,,,biotic;biotic,,,,,,,immaterial;immaterial,,,,2025-03-31 08:51:39.256804+00:00;2025-03-31 08:52:40.622106+00:00,17;31
9359,1674569435149922304,,No;No,,,,,,,,,,none;none,none;none,none;none,none;none,none;none,Yes;Yes,Image 1,No;Yes,No;No,No;Yes,,,,,biotic,,,,,,,material,,,,2025-03-31 08:51:50.572344+00:00;2025-03-31 08:53:39.119611+00:00,17;28
9360,1674720430098206720,,No;No,,,,,mountain,,,,,none;none,"none,forest_and_seminatural_areas,water_bodies;none,forest_and_seminatural_areas",none;none,none;none,none;none,Yes;No,Image 1;Image 1,Yes;Yes,No;No,Yes;Yes,,,,,biotic,,,,,,,material;material,,,,2025-03-31 08:55:24.910407+00:00;2025-03-31 08:54:01.952372+00:00,7;17
9361,1674871425067278340,,No;No,,,,,,,,,,none;none,none;none,none;none,none;none,none;none,Yes;Yes,,No;No,No;No,No;No,,,,,,,,,,,,,,,,2025-03-31 08:54:11.320370+00:00;2025-03-31 08:54:16.796003+00:00,17;30
9362,1498207340524363779,,No;No,,,,,,,,,,none;none,none;none,none;none,none;none,none;none,Yes;Yes,,No;No,No;No,No;No,,,,,,,,,,,,,,,,2025-03-31 08:54:26.385603+00:00;2025-03-31 08:54:49.406850+00:00,17;30
9363,1675022420007329793,,No;No,Food;Food,,,,,,,,,none;none,none;none,none;none,none;none,none;none,Yes;Yes,Image 1;Image 1,Yes;Yes,Yes;Yes,Yes;Yes,,,,biotic;biotic,biotic;biotic,,,,,,material;material,material;material,,,,2025-03-31 08:55:23.462214+00:00;2025-03-31 08:55:53.841295+00:00,17;28
9364,1675173414942670848,,No;No,,,,,,,,,,none;none,none;none,none;none,none;none,none;none,Yes;Yes,"Image 1,Image 2;Image 1,Image 2",Yes;Yes,No;No,Yes;Yes,,,,,biotic;biotic,biotic;biotic,,,,,,material;material,material;material,,,2025-03-31 08:55:52.442201+00:00;2025-03-31 08:56:41.358238+00:00,17;28
9365,1675324409689804800,,No;No,,,,,,,,,,none;none,none;none,none;none,none;none,none;none,Yes;Yes,Image 1;Image 1,Yes;Yes,No;No,Yes;Yes,,,,,abiotic;biotic,,,,,,,immaterial;material,,,,2025-03-31 08:57:09.156746+00:00;2025-03-31 08:56:17.194546+00:00,7;17
9366,1675505603727302658,,No;No,,,,,,,,,,none;none,none;none,none;none,none;none,none;none,Yes;Yes,,No;No,No;No,No;No,,,,,,,,,,,,,,,,2025-03-31 08:56:26.076994+00:00;2025-03-31 08:57:15.356765+00:00,17;28
9367,1675792493538062338,,No;No,Video game,,,,,,,,,none;none,"artificial_surfaces,water_bodies;artificial_surfaces","artificial_surfaces,water_bodies;artificial_surfaces","artificial_surfaces,water_bodies;none",none;none,Yes;Yes,"Image 1,Image 2,Image 3;Image 1,Image 2",Yes;Yes,No;No,Yes;Yes,,,,,abiotic;biotic,abiotic;biotic,biotic,,,,,immaterial;immaterial,immaterial;immaterial,immaterial,,2025-03-31 09:05:09.771039+00:00;2025-03-31 08:57:55.571738+00:00,15;17
9368,1675973687999176706,,No;No,,,,,,,,,,none,none,none,none,none,Yes;Yes,,No;No,No;No,No;No,,,,,,,,,,,,,,,,2025-03-31 08:58:07.791305+00:00;2025-03-31 08:59:13.900560+00:00,17;28
9369,1676094484092792833,,No;No,,,,,,,,,,none;none,none;none,none;none,none;none,none;none,Yes;Yes,,No;No,No;No,No;No,,,,,,,,,,,,,,,,2025-03-31 09:00:06.005203+00:00;2025-03-31 08:58:16.414218+00:00,7;17
9370,1676230379525611522,,No;No,,,,,,,,,,none;none,none;none,none;none,none;none,none;none,Yes;Yes,,No;No,No;No,No;No,,,,,,,,,,,,,,,,2025-03-31 08:59:51.707640+00:00;2025-03-31 08:58:27.419325+00:00,7;17
9371,1676381374419435520,,No;No,,,,,,,,,,none;none,none;none,none;none,none;none,none;none,Yes;Yes,,Yes;Yes,Yes;Yes,No;No,,,,biotic;biotic,,,,,,,immaterial;immaterial,,,,,2025-03-31 08:59:40.091596+00:00;2025-03-31 08:58:47.554828+00:00,7;17
9372,1676532369086623746,,No;No,,,,,,,,,,none;none,none;none,none;none,none;none,none;none,Yes;Yes,Image 1;Image 1,Yes;Yes,Yes;Yes,Yes;Yes,,,,abiotic;abiotic,abiotic;abiotic,,,,,,material;immaterial,immaterial;immaterial,,,,2025-03-31 09:02:22.729857+00:00;2025-03-31 09:01:12.024632+00:00,7;17
9373,1498358335405318147,,No;No,,,,,,,,,,,,,,,Yes;Yes,,No;No,No;No,No;No,,,,,,,,,,,,,,,,2025-04-01 09:57:46.242819+00:00;2025-04-01 08:33:39.761053+00:00,1;42
9374,1676683364298903559,Will text refering to nature always be immaterial?,No;Yes,Food;Food,,,,,,,,,none;none,none;none,none,none,none,Yes;Yes,Image 1;Image 1,Yes;Yes,Yes;Yes,Yes;Yes,,,,biotic;biotic,biotic;biotic,,,,,,material;immaterial,material;immaterial,,,,2025-03-31 09:19:44.473302+00:00;2025-03-31 09:18:45.739173+00:00,7;17
9375,1676834359012126721,,No;No,,,,,,,,,,,,,,,Yes;Yes,,No;No,No;No,No;No,,,,,,,,,,,,,,,,2025-03-31 09:27:13.481253+00:00;2025-03-31 09:18:58.724703+00:00,16;17
9376,1676985354279342081,,No;No,,,,,,,,,,none,none,none,none,none,Yes;Yes,,No;No,No;No,No;No,,,,,,,,,,,,,,,,2025-03-31 09:19:13.351710+00:00;2025-03-31 10:15:04.593681+00:00,17;42
9377,1677302443657379843,,No;No,,,,,,,,,,,,,,,Yes;Yes,,No;No,No;No,No;No,,,,,,,,,,,,,,,,2025-03-31 09:19:22.136197+00:00;2025-03-31 10:04:51.637189+00:00,17;30
9378,1677453438509096960,,No;No,,,,,,,,,,,,,,,Yes;Yes,,No;No,No;No,No;No,,,,,,,,,,,,,,,,2025-03-31 09:19:29.573282+00:00;2025-03-31 09:53:28.453314+00:00,17;30
9379,1677589334025748480,,No;No,,,,,,,,,,,,,,,Yes;Yes,,No;No,No;No,No;No,,,,,,,,,,,,,,,,2025-03-31 09:19:38.394588+00:00;2025-03-31 09:26:53.527934+00:00,17;31
9380,1677785627461316610,,No;No,,,,,,,,,,artificial_surfaces,artificial_surfaces;none,artificial_surfaces,,,Yes;Yes,"Image 1,Image 2;Image 1,Image 2",Yes;Yes,Yes;Yes,Yes;Yes,storms,,,abiotic;abiotic,abiotic;abiotic,abiotic,,,ai artwork,,material;immaterial,material;immaterial,material,,,2025-03-31 09:20:38.431533+00:00;2025-03-31 09:28:13.185161+00:00,17;30
9381,1677891323821723648,,No;No,,,,,,,,,,,,,,,Yes;Yes,,No;No,No;No,No;No,,,,,,,,,,,,,,,,2025-03-31 09:20:57.597801+00:00;2025-03-31 09:28:20.622764+00:00,17;30
9382,1678344308779302912,"Unsure if only a few trees in the back, not being the main element in the photo, could be considered for coding.",No;Yes,,,,,,,,,,none,none,none;none,none,none,Yes;Yes,Image 2;Image 2,Yes;Yes,No;No,Yes;Yes,,,just trees on the back,,,biotic;biotic,,,,,,,material;material,,,2025-03-31 09:22:01.318559+00:00;2025-03-31 10:14:25.399156+00:00,17;42
9383,1678646298621116416,,No;No,,,,,,,,,,,,,,,Yes;Yes,,No;No,No;No,No;No,,,,,,,,,,,,,,,,2025-03-31 09:22:07.733656+00:00;2025-03-31 09:50:58.214020+00:00,17;30
9384,1498584827896893440,,No;No,,,,,,,,,,none,forest_and_seminatural_areas;none,none,none,none,Yes;Yes,Image 1;Image 1,Yes;Yes,No;No,Yes;Yes,,,,,biotic;biotic,,,,,,,material;material,,,,2025-03-31 09:22:41.506881+00:00;2025-03-31 10:12:17.266609+00:00,17;42
9385,1678812393072394240,,No;No,,,,,,,,,,,none,,,,Yes;Yes,Image 1,Yes;No,No;No,Yes;No,,,,,biotic,,,,,,,immaterial,,,,2025-03-31 09:23:17.345353+00:00;2025-03-31 09:49:22.921285+00:00,17;30
9386,1679053984991174656,,No;No,Food;Food,,,,,,,,,none;none,none;none,none,none,none,Yes;Yes,Image 1;Image 1,Yes;Yes,Yes;No,Yes;Yes,,food,,biotic,biotic;biotic,,,,,,material,material;material,,,,2025-03-31 09:23:56.383474+00:00;2025-03-31 10:10:33.497704+00:00,17;42
9387,1679129482290921475,,No;No,Food;Food,,,,,,,,,none;none,none;none,,,,Yes;Yes,Image 1;Image 1,Yes;Yes,Yes;Yes,Yes;Yes,animated apple ,,,biotic;biotic,biotic,,,,,,immaterial;immaterial,immaterial;immaterial,,,,2025-03-31 09:24:23.077827+00:00;2025-03-31 09:57:29.644809+00:00,17;30
9388,1679250278338396161,,No;No,Food;Food,text,,,,,,,,none,none;none,none,none,none,Yes;Yes,Image 1;Image 1,Yes;Yes,No;No,Yes;Yes,,food,,,biotic;biotic,,,,,,,material;material,,,,2025-03-31 09:24:49.925932+00:00;2025-03-31 10:09:46.135134+00:00,17;42
9389,1679401273202823170,,No;No,,,,,,,,,,,,,,,Yes;Yes,,No;No,No;No,No;No,,,,,,,,,,,,,,,,2025-03-31 09:24:55.904705+00:00;2025-03-31 10:04:23.297046+00:00,17;30
9390,1679552268272541701,,No;No;No,Video game,,,,,,,,,none,none;none,none,none,none,Yes;Yes;Yes,Image 1;Image 1,Yes;No;Yes,No;No;No,Yes;No;Yes,,,,,biotic;biotic,,,,,,,immaterial;immaterial,,,,2025-03-31 09:25:21.477995+00:00;2025-03-31 10:05:34.198420+00:00;2025-03-31 10:07:49.916699+00:00,17;30;42
9391,1679703263216799744,,No;No,,,,,,,,,,none;none,none;none,none,none,none,Yes;Yes,Image 1;Image 1,Yes;Yes,Yes;Yes,Yes;Yes,flowers,flowers,,biotic;biotic,biotic;biotic,,,,,,immaterial;immaterial,immaterial;immaterial,,,,2025-03-31 09:25:44.424141+00:00;2025-03-31 10:01:04.492462+00:00,17;42
9392,1679854258215178240,,No;No,,,,,,,,,,,,,,,Yes;Yes,,No;No,No;No,No;No,,,,,,,,,,,,,,,,2025-03-31 09:25:50.814342+00:00;2025-03-31 09:50:30.701982+00:00,17;30
9393,1680005253134008320,,No;No,,,,,,,,,,none,none,none,none,none,Yes;Yes,,No;No,No;No,No;No,,,,,,,,,,,,,,,,2025-03-31 09:03:55.320976+00:00;2025-03-31 09:03:38.115919+00:00,7;30
9394,1680307243047088131,,No;No,,,,,,,,,,,,none,,,Yes;Yes,Image 2,Yes;No,No;No,Yes;No,,,,,,biotic,,,,,,,immaterial,,,2025-03-31 09:26:14.896069+00:00;2025-03-31 09:51:24.508486+00:00,17;30
9395,1498962315072335876,,No;No,,,,,,,,,,none,none,none,none,none,Yes;No,,No;No,No;No,No;No,,,,,,,,,,,,,,,,2025-03-31 09:56:53.644569+00:00;2025-03-31 09:57:08.819656+00:00,17;42
9396,1680503536478560257,,No;No,,,,,,,,,,none,none,none,none,none,Yes;Yes,,No;No,No;No,No;No,,,,,,,,,,,,,,,,2025-03-31 09:26:35.200155+00:00;2025-03-31 09:53:40.942756+00:00,17;42
9397,1680624332350033921,,No;No,,,,,,,,,,,,,,,Yes;Yes,,No;No,No;No,No;No,,,,,,,,,,,,,,,,2025-03-31 09:26:47.531225+00:00;2025-03-31 09:49:42.442352+00:00,17;30
9398,1680775327197564928,,No;No,,,,,,,,,,,,,,,Yes;Yes,,No;No,No;No,No;No,,,,,,,,,,,,,,,,2025-03-31 09:26:56.014185+00:00;2025-03-31 09:19:18.766077+00:00,17;31
9399,1680911222688940032,,No;No,Video game,,,,,,,,,forest_and_seminatural_areas,artificial_surfaces,,,,Yes;Yes,Image 1,Yes;No,Yes;No,Yes;No,,,,biotic,biotic,,,,,,immaterial,immaterial,,,,2025-03-31 09:28:58.470933+00:00;2025-03-31 10:03:34.307911+00:00,17;30
9400,1681077317257543680,,No;No,,,,,,,,,,,,,,,Yes;Yes,,No;No,No;No,No;No,,,,,,,,,,,,,,,,2025-03-31 09:29:08.766451+00:00;2025-03-31 10:04:37.212146+00:00,17;30
9401,1681228312020910080,,No;No,,,,,,,,,,,,,,,Yes;Yes,,No;No,No;No,No;No,,,,,,,,,,,,,,,,2025-03-31 09:29:17.773938+00:00;2025-03-31 10:10:29.752296+00:00,17;30
9402,1681364207646670864,,No;No,,,,,,,,,,none,none,,,,Yes;Yes,Image 1;Image 1,Yes;Yes,Yes;Yes,Yes;Yes,,,,biotic;biotic,biotic;biotic,,,,,,material;material,material;material,,,,2025-03-31 16:43:20.221823+00:00;2025-03-31 09:30:16.636319+00:00,7;17
9403,1681515202527854593,,No;No,,,,,,,,,,,,,,,Yes;Yes,,No;No,No;No,No;No,,,,,,,,,,,,,,,,2025-03-31 09:31:19.371184+00:00;2025-03-31 09:50:43.418382+00:00,17;30
9407,1682119182341554177,,No;No,,,,,,,,,,none;none,"forest_and_seminatural_areas;none,forest_and_seminatural_areas",none;none,none;none,none;none,Yes;Yes,Image 1;Image 1,Yes;Yes,Yes;No,Yes;Yes,,,,biotic,biotic;biotic,,,,,,material,material;material,,,,2025-03-31 09:08:15.184092+00:00;2025-03-31 09:09:17.148349+00:00,7;31
9408,1682285276524347392,,No;No,,,,,,,,,,,,,,,Yes;Yes,,No;No,No;No,No;No,,,,,,,,,,,,,,,,2025-03-31 09:07:56.589615+00:00;2025-03-31 09:08:06.067491+00:00,28;30
9409,1682421172107968513,,No;No,,,,,,,,,,none,none;artificial_surfaces,none,none,none,Yes;Yes,Image 1;Image 1,Yes;Yes,No;No,Yes;Yes,,,,,biotic;biotic,,,,,,,immaterial;material,,,,2025-03-31 09:17:26.717481+00:00;2025-03-31 09:16:02.628465+00:00,7;31
9411,1682753361064480770,,No;No,,,,,,,,,,none;none,none;none,none;none,none;none,none;none,Yes;Yes,Image 1,Yes;No,No;No,Yes;No,,,,,biotic,,,,,,,immaterial,,,,2025-03-31 08:53:25.987583+00:00;2025-03-31 08:53:47.600056+00:00,15;31
9412,1682874157065969664,,No;No,,,,,,,,,,,,,,,Yes;Yes,,Yes;No,Yes;No,No;No,,,,abiotic,,,,,,,,,,,,2025-04-01 14:50:38.558382+00:00;2025-04-01 13:59:53.690608+00:00,7;42
9413,1683025151733166080,,No;No,,,,,,,,,,,"artificial_surfaces;artificial_surfaces,water_bodies","artificial_surfaces;artificial_surfaces,water_bodies",,,Yes;Yes,"Image 1,Image 2;Image 1,Image 2",Yes;Yes,No;No,Yes;Yes,,,,,biotic;abiotic,biotic;abiotic,,,,,,material;material,material;material,,,2025-03-31 20:55:08.366464+00:00;2025-04-01 08:35:20.016463+00:00,31;42
9416,1683659330594258946,,No;No,,,,,,,,,,none,none;none,none,none,none,Yes;Yes,Image 1,No;Yes,No;No,No;Yes,,,,,biotic,,,,,,,immaterial,,,,2025-03-31 09:06:37.527834+00:00;2025-03-31 09:06:25.323479+00:00,7;28
9424,1684686096389599233,,No;Yes,,,,,,,,,,,none,none,none,,Yes;Yes,"Image 1,Image 2,Image 3",Yes;No,No;No,Yes;No,,,,,abiotic,abiotic,abiotic,,,,,immaterial,immaterial,immaterial,,2025-04-01 14:21:56.402632+00:00;2025-04-01 07:57:17.127759+00:00,7;42
9434,1686060150312910848,,No;No,,,,,,,,,,,,,,,Yes;Yes,,No;No,No;No,No;No,,,,,,,,,,,,,,,,2025-03-31 17:38:54.862556+00:00;2025-03-31 20:50:46.048406+00:00,7;31
9435,1686362140284776448,,No;No,,,,,,,,,,,,,,,Yes;Yes,,Yes;No,Yes;No,No;No,,,,abiotic,,,,,,,material,,,,,2025-03-31 17:40:28.627901+00:00;2025-03-31 20:50:08.275368+00:00,7;31
9439,1499717289935278082,,No;No,,,,,,,,,,none,none,none,none,none,Yes;Yes,,No;No,No;No,No;No,,,,,,,,,,,,,,,,2025-03-31 09:00:20.952271+00:00;2025-03-31 09:00:52.082184+00:00,28;31
9440,1686951020583112704,,No;No,,,,,,,,,,,,,,,Yes;Yes,,No;No,No;No,No;No,,,,,,,,,,,,,,,,2025-03-31 09:06:15.857235+00:00;2025-03-31 09:05:58.891844+00:00,17;30
9441,1687404005419569152,,No;No,,,,,,,,,,,,,,,Yes;Yes,,No;No,No;No,No;No,,,,,,,,,,,,,,,,2025-04-01 14:24:10.304112+00:00;2025-04-01 13:12:33.201115+00:00,7;42
9445,1688038183928209408,,No;No,,,,,,,,,,,,,,,Yes;Yes,,No;No,No;No,No;No,,,,,,,,,,,,,,,,2025-04-01 14:24:19.748750+00:00;2025-04-01 13:00:33.442959+00:00,7;42
9450,1479559464743284740,,No;No,,,,,,,,,,none,none,none,none,none,Yes;Yes,,No;No,No;No,No;No,,,,,,,,,,,,,,,,2025-03-31 09:18:43.850528+00:00;2025-03-31 09:15:33.169362+00:00,7;30
9451,1499943782325833730,,No;No,,,,,,,,,,none;none,none;none,none;none,none;none,none;none,Yes;Yes,,No;No,No;No,No;No,,,,,,,,,,,,,,,,2025-03-31 08:46:52.403495+00:00;2025-03-31 08:34:12.064994+00:00,30;31
9456,1689668929512263680,,No;No,,text,,,,,,,,none;none,none;none,none;none,none;none,none;none,Yes;Yes,Image 1;Image 1,Yes;Yes,Yes;Yes,Yes;Yes,,,,biotic;biotic,,,,,,,immaterial;immaterial,,,,,2025-03-31 08:57:21.842434+00:00;2025-03-31 08:55:27.376008+00:00,30;31
9457,1689819924410077184,,No;No,,,,,,,,,,none,artificial_surfaces;artificial_surfaces,,,,Yes;Yes,Image 1;Image 1,Yes;Yes,Yes;Yes,Yes;Yes,,,,abiotic;abiotic,abiotic;biotic,,,,,,material;material,material;material,,,,2025-03-31 17:47:15.535152+00:00;2025-03-31 20:49:39.353222+00:00,7;31
9458,1689970919303745536,,No;No,,,,,,,,,,,,,,,Yes;Yes,,No;No,No;No,No;No,,,,,,,,,,,,,,,,2025-03-31 17:16:22.608761+00:00;2025-03-31 16:47:45.324787+00:00,7;17
9462,1500019279860846592,,No;No,,,,,,,,,,none;none,none;none,none;none,none;none,none;none,Yes;Yes,,No;No,No;No,No;No,,,,,,,,,,,,,,,,2025-03-31 08:46:19.551126+00:00;2025-03-31 08:40:59.977034+00:00,28;31
9463,1690876888988766208,,No;No,,,,,,,,,,,,,,,Yes;Yes,,No;No,No;No,No;No,,,,,,,,,,,,,,,,2025-03-31 17:38:49.398145+00:00;2025-03-31 20:50:19.206046+00:00,7;31
9474,1692537833171669076,,No;No,,,,,,,,,,,,,,,Yes;Yes,,No;No,No;No,No;No,,,,,,,,,,,,,,,,2025-03-31 17:47:28.319518+00:00;2025-03-31 20:56:41.816511+00:00,7;31
9484,1500321269803524097,,No;No,,,,,,,,,,,,,,,Yes;Yes,,No;No,No;No,No;No,,,,,,,,,,,,,,,,2025-04-01 09:57:52.737067+00:00;2025-04-01 08:34:10.076819+00:00,1;42
9485,1694576265020207232,mentioning energy sources is enough to label as nature-related?,No;Yes,,,,,,,,,,,,,,,Yes;Yes,,No;Yes,No;Yes,No;No,solar power,,,abiotic,,,,,,,immaterial,,,,,2025-04-01 14:30:20.507619+00:00;2025-04-01 08:06:10.242162+00:00,7;42
9487,1694817857001886171,,No;No,,,,,,,,,,,,,,,Yes;Yes,,No;No,No;No,No;No,,,,,,,,,,,,,,,,2025-03-31 17:06:17.816315+00:00;2025-03-31 16:54:47.039210+00:00,7;17
9493,1695874821685436690,,No;No,,,,,,,,,,,,,,,Yes;Yes,,No;No,No;No,No;No,,,,,,,,,,,,,,,,2025-03-31 17:16:49.342855+00:00;2025-04-01 08:36:08.767128+00:00,7;42
9494,1696025816516407688,,No;No,,,,,,,,,,,,,,,Yes;Yes,,No;No,No;No,No;No,,,,,,,,,,,,,,,,2025-03-31 17:12:30.797214+00:00;2025-03-31 16:50:18.237129+00:00,7;17
9496,1696161712099999931,,No;No,,,,,,,,,,,,,,,Yes;Yes,,No;No,No;No,No;No,,,,,,,,,,,,,,,,2025-03-31 16:44:53.535577+00:00;2025-03-31 09:26:33.564407+00:00,7;16
9498,1696614696952992107,,No;No,Sport;Sport,,,,,,,,,none;none,artificial_surfaces;artificial_surfaces,none;none,none;none,none;none,Yes;Yes,Image 1;Image 1,Yes;Yes,No;No,Yes;Yes,,,,,biotic;biotic,,,,,,,material;material,,,,2025-03-31 08:53:21.190763+00:00;2025-03-31 08:54:05.655280+00:00,7;15
9499,1696780791353602079,,No;No,,,,,,,,,,,,,,,Yes;Yes,,No;No,No;No,No;No,,,,,,,,,,,,,,,,2025-04-01 14:48:22.353369+00:00;2025-04-01 13:54:59.729715+00:00,7;42
9512,1698879621054259651,,No;No,Health,,,,,,,,,none,,,,,Yes;Yes,,Yes;Yes,Yes;Yes,No;No,,,,abiotic;abiotic,,,,,,,material;material,,,,,2025-03-31 17:38:35.827111+00:00;2025-03-31 20:41:21.494737+00:00,7;31
9513,1699030615931195481,,No;No,,,,,,,,,,none;none,none;none,none;none,none;none,none;none,Yes;Yes,,No;No,No;No,No;No,,,,,,,,,,,,,,,,2025-03-31 08:51:50.716088+00:00;2025-03-31 08:43:17.184920+00:00,28;30
9520,1700389569915748363,,No;No,,,,,,,,,,,none;none,,,,Yes;Yes,Image 1;Image 1,Yes;Yes,No;No,Yes;Yes,,stuffed bunny ,,,biotic;biotic,,,,,,,material;immaterial,,,,2025-03-31 09:29:57.689734+00:00;2025-03-31 09:27:47.916330+00:00,30;31
9524,1700993550035697823,,No;No,,,,,,,,,,none;none,none;none,none;none,none;none,none;none,Yes;Yes,,No;No,No;No,No;No,,,,,,,,,,,,,,,,2025-03-31 08:40:43.745605+00:00;2025-03-31 08:48:39.728420+00:00,30;31
9525,1701159644738043990,,No;No,,,,,,,,,,none;none,none;none,none;none,none;none,none;none,Yes;Yes,,No;No,No;No,No;No,,,,,,,,,,,,,,,,2025-03-31 09:03:23.095320+00:00;2025-03-31 09:02:59.686161+00:00,7;31
9526,1701295539999088674,,No;No,,,,,,,,,,none;none,none;none,none;none,none;none,none;none,Yes;Yes,,No;No,No;No,No;No,,,,,,,,,,,,,,,,2025-03-31 08:53:55.783920+00:00;2025-03-31 08:54:07.885821+00:00,28;31
9533,1702216609249538071,,No;No,,,,,,,,,,,,,,,Yes;Yes,,No;No,No;No,No;No,,,,,,,,,,,,,,,,2025-03-31 17:13:41.459044+00:00;2025-03-31 16:48:59.107205+00:00,7;17
9534,1702352504875258132,,No;No,,,,,,,,,,none;none,none;none,none;none,none;none,none;none,Yes;Yes,Image 1;Image 1,Yes;Yes,No;Yes,Yes;Yes,printed animal on a shirt ,,,biotic,biotic,,,,,,immaterial,immaterial,,,,2025-03-31 08:51:31.553991+00:00;2025-03-31 08:44:44.232938+00:00,15;30
9536,1702654494746489290,,No;No,,,,,,,,,,,,,,,Yes;Yes,,No;No,No;No,No;No,,,,,,,,,,,,,,,,2025-03-31 09:58:39.208410+00:00;2025-03-31 09:28:02.187146+00:00,30;31
9541,1703258474426061034,,No;No,Health,,,,,,,,,,none,,,,Yes;Yes,Image 1;Image 1,Yes;Yes,No;No,Yes;Yes,,,,,biotic;biotic,,,,,,,immaterial;immaterial,,,,2025-04-01 14:48:50.968830+00:00;2025-04-01 08:50:33.913751+00:00,7;42
9542,1703409469345169882,,No;No,,,,,,,,,,none;none,none;none,none;none,none;none,none;none,Yes;Yes,"Image 2,Image 3,Image 4",Yes;No,No;No,Yes;No,,,,,,biotic,biotic,biotic,,,,,immaterial,immaterial,immaterial,2025-03-31 09:10:24.713032+00:00;2025-03-31 09:06:31.892767+00:00,15;31
9543,1703560464393789586,,No;No,,,,,,,,,,,,,,,Yes;Yes,,No;No,No;No,No;No,,,,,,,,,,,,,,,,2025-03-31 09:53:21.418601+00:00;2025-03-31 09:17:49.127175+00:00,30;31
9544,1703862454143304161,,No;No,,,,,,,,,,none;artificial_surfaces,artificial_surfaces,artificial_surfaces,artificial_surfaces,artificial_surfaces,Yes;Yes,"Image 1,Image 2,Image 3,Image 4;Image 1,Image 2,Image 3,Image 4",Yes;Yes,Yes;Yes,Yes;Yes,,,,biotic;biotic,biotic;biotic,biotic;biotic,biotic;biotic,biotic;biotic,,,material;material,material;material,material;material,material;material,material;material,2025-03-31 09:09:54.194784+00:00;2025-03-31 09:12:06.873707+00:00,28;31
9545,1704179543479599295,,No;No,,,,,,,,,,none,none,none,none,none,Yes;Yes,,No;No,No;No,No;No,,,,,,,,,,,,,,,,2025-03-31 09:04:41.459270+00:00;2025-03-31 09:05:21.769125+00:00,30;31
9549,1704768423925068239,,No;No,,,,,,,,,,,none,,,,Yes;Yes,Image 1,Yes;No,No;No,Yes;No,,,,,biotic,,,,,,,immaterial,,,,2025-03-31 09:05:28.520461+00:00;2025-03-31 09:05:38.458662+00:00,17;30
9552,1705070413695558017,,No;No,,,,,,,,,,,,,,,Yes;Yes,,No;No,No;No,No;No,,,,,,,,,,,,,,,,2025-03-31 09:24:20.200497+00:00;2025-03-31 09:25:29.166149+00:00,16;30
9561,1479634962206711809,,No;No,,,,,,,,,,none,none,none,none,none,Yes;Yes,,No;No,No;No,No;No,,,,,,,,,,,,,,,,2025-03-31 09:17:31.967833+00:00;2025-03-31 09:15:37.706184+00:00,7;30
9562,1501831219192938500,,No;No,,,,,,,,,,none;none,none;artificial_surfaces,none;none,none;none,none;none,Yes;Yes,Image 1;Image 1,Yes;Yes,No;No,Yes;Yes,,,,,biotic;biotic,,,,,,,material;material,,,,2025-03-31 08:48:35.315101+00:00;2025-03-31 08:50:41.843945+00:00,7;31
9570,1708845287383462342,,No;No,,,,desert,,,,,,forest_and_seminatural_areas,water_bodies,,none,,Yes;Yes,"Image 1,Image 3;Image 1,Image 2,Image 3",Yes;Yes,Yes;Yes,Yes;Yes,,,,abiotic,biotic;biotic,biotic,biotic;abiotic,,,,material;immaterial,immaterial;immaterial,immaterial,immaterial;immaterial,,2025-04-01 14:52:29.968468+00:00;2025-04-01 13:32:48.888264+00:00,7;42
9578,1709902251886588045,,No;No,,,,,,,,,,,,,,,Yes;Yes,,No;No,No;No,No;No,,,,,,,,,,,,,,,,2025-04-01 14:32:24.657901+00:00;2025-04-01 13:27:57.847508+00:00,7;42
9582,1710521331165675617,,No;No,Sport,,,,,,,,,none;none,none;none,none;none,none;none,none;none,Yes;Yes,,No;No,No;No,No;No,,,,,,,,,,,,,,,,2025-03-31 08:40:55.954084+00:00;2025-03-31 08:42:56.591208+00:00,30;31
9583,1710657226787197324,,No;No,,,,,,,,,,,,,,,Yes;Yes,,No;No,No;No,No;No,,,,,,,,,,,,,,,,2025-04-01 14:44:58.353218+00:00;2025-04-01 13:39:32.649675+00:00,7;42
9587,1711125310870368500,,No;No,"Food,Health;Food",,,,,,,,,none,none,,,,Yes;Yes,Image 1;Image 1,Yes;Yes,Yes;No,Yes;Yes,,meat,,biotic,biotic;biotic,,,,,,material,material;material,,,,2025-04-01 14:46:41.174164+00:00;2025-04-01 14:02:51.126112+00:00,7;42
9588,1711412201326579773,,No;No,,,,,,,,,,agricultural_areas,agricultural_areas;agricultural_areas,,,,Yes;Yes,Image 1;Image 1,Yes;Yes,Yes;Yes,Yes;Yes,,,,biotic;biotic,biotic;biotic,,,,,,material;material,material;material,,,,2025-03-31 17:35:17.247612+00:00;2025-04-01 08:38:40.047812+00:00,7;42
9598,1712922150947184961,,No;No,,,,,,,,,,,,,,,Yes;Yes,,No;No,No;No,No;No,,,,,,,,,,,,,,,,2025-04-01 14:23:09.036234+00:00;2025-04-01 08:48:36.340972+00:00,7;42
9599,1713224140742619642,,No;No,,,,,,,,,,,,,,,Yes;Yes,,No;No,No;No,No;No,,,,,,,,,,,,,,,,2025-04-01 14:31:33.215854+00:00;2025-04-01 13:39:35.403637+00:00,7;42
9602,1713692225085768101,,No;No,,,,,,,,,,,,,,,Yes;Yes,,No;No,No;No,No;No,,,,,,,,,,,,,,,,2025-04-01 14:20:43.780686+00:00;2025-04-01 13:39:56.996936+00:00,7;42
9613,1715519263870464232,,No;No,Video game,,,,,,,,,none;none,none;forest_and_seminatural_areas,none;none,none;none,none;none,No;Yes,Image 1,No;Yes,No;No,No;Yes,,,,,biotic,,,,,,,material,,,,2025-03-31 09:10:50.033199+00:00;2025-03-31 09:10:22.062636+00:00,7;31
9620,1716757422398968236,,No;No,,,,,,,,,,none;none,none;none,none;none,none;none,none;none,Yes;Yes,,No;No,No;No,No;No,,,,,,,,,,,,,,,,2025-03-31 09:09:31.937479+00:00;2025-03-31 09:12:54.725386+00:00,7;31
9628,1502888183763472390,,No;No,,,,,,,,,,none,artificial_surfaces,none,none,none,Yes;Yes,Image 1,No;Yes,No;No,No;Yes,,,,,biotic,,,,,,,immaterial,,,,2025-03-31 09:02:57.861669+00:00;2025-03-31 09:04:10.959202+00:00,30;31
9630,1718357968897343981,,No;No,,,,,,,,,,,,,,,Yes;Yes,,No;No,No;No,No;No,,,,,,,,,,,,,,,,2025-03-31 17:35:32.501959+00:00;2025-03-31 20:42:25.758503+00:00,7;31
9633,1718961948400689311,,No;No,,,,,,,,,,none;none,none;none,none;none,none;none,none;none,Yes;Yes,,No;No,No;No,No;No,,,,,,,,,,,,,,,,2025-03-31 08:54:12.216384+00:00;2025-03-31 08:54:26.376488+00:00,16;30
9637,1719867918379372562,,No;No,,,,,,,,,,none;none,none;none,none;none,none;none,none;none,Yes;Yes,,No;No,No;No,No;No,,,,,,,,,,,,,,,,2025-03-31 08:38:19.537877+00:00;2025-03-31 08:49:43.322639+00:00,30;31
9662,1723951324796965006,,No;No,,,,,,,,,,none;none,none;none,none;none,none;none,none;none,Yes;Yes,,No;No,No;No,No;No,,,,,,,,,,,,,,,,2025-03-31 08:55:20.634511+00:00;2025-03-31 08:55:41.716814+00:00,30;31
9663,1724261871191302380,,No;No,,,,,,,,,,,none,,,,Yes;Yes,Image 1;Image 1,Yes;Yes,No;No,Yes;Yes,,,,,biotic;biotic,,,,,,,immaterial;immaterial,,,,2025-03-31 17:28:11.468463+00:00;2025-03-31 20:53:25.358044+00:00,7;31
9670,1725318835732094991,,No;No,,,,,,,,,,,,,,,Yes;Yes,,No;No,No;No,No;No,,,,,,,,,,,,,,,,2025-03-31 17:06:52.057171+00:00;2025-03-31 16:57:40.599860+00:00,7;17
9672,1479785957339672576,,No;No,Health,,,,,,,,,none;none,none;none,none,none,none,Yes;Yes,Image 1;Image 1,Yes;Yes,Yes;Yes,Yes;Yes,ice,,,abiotic;biotic,abiotic;abiotic,,,,,map,material;material,immaterial;immaterial,,,,2025-03-31 09:21:52.874478+00:00;2025-03-31 09:17:19.588760+00:00,7;30
9681,1726979780170674568,,No;No,,,,,,,,,,,,,,,Yes;Yes,,No;No,No;No,No;No,,,,,,,,,,,,,,,,2025-03-31 17:10:50.813789+00:00;2025-03-31 16:55:09.622716+00:00,7;17
9683,1727266670602006858,,No;No,,,,,,,,,,,,,,,Yes;Yes,,No;No,No;No,No;No,,,,,,,,,,,,,,,,2025-03-31 09:51:53.296921+00:00;2025-03-31 09:19:10.165002+00:00,30;31
9693,1728776620021096905,,No;No,,,,,,,,,,,,,,,Yes;Yes,,No;No,No;No,No;No,,,,,,,,,,,,,,,,2025-04-01 14:32:33.863097+00:00;2025-04-01 13:58:08.361022+00:00,7;42
9695,1503794153410469896,,No;No,,,,,,,,,,,,,,,Yes;Yes,,No;No,No;No,No;No,,,,,,,,,,,,,,,,2025-04-01 14:19:25.359480+00:00;2025-04-01 12:47:56.105939+00:00,7;42
9696,1729320201815023669,,No;No,,,,,,,,,,,,,,,Yes;Yes,,No;No,No;No,No;No,,,,,,,,,,,,,,,,2025-03-31 09:28:53.951111+00:00;2025-03-31 10:22:05.771125+00:00,16;30
9702,1730286569146478847,,No;No,,,,,,,,,,,,,,,Yes;Yes,,No;No,No;No,No;No,,,,,,,,,,,,,,,,2025-04-01 14:20:11.511558+00:00;2025-04-01 08:26:52.820023+00:00,7;42
9708,1731192539120882048,,No;No,,,,,,,,,,,,,,,Yes;Yes,,No;No,No;No,No;No,,,,,,,,,,,,,,,,2025-04-01 14:04:52.223373+00:00;2025-04-01 13:17:55.722693+00:00,7;42
9717,1504096143319486470,,No;No,,,,,,,,,,,,,,,Yes;Yes,,No;No,No;No,No;No,,,,,,,,,,,,,,,,2025-04-01 09:56:59.381022+00:00;2025-04-01 07:43:57.840029+00:00,1;42
9720,1733351766832672854,,No;No,Food,,,,,,,,,none;none,none;none,none,none,none,Yes;Yes,Image 1,Yes;Yes,Yes;Yes,No;Yes,,,,biotic;biotic,biotic,,,,,,immaterial;immaterial,material,,,,2025-03-31 09:09:16.775909+00:00;2025-03-31 09:08:41.460765+00:00,7;17
9729,1734816417521004709,,No;No,,,,,,,,,,none;none,none;none,none;none,none;none,none;none,Yes;Yes,,No;No,No;No,No;No,,,,,,,,,,,,,,,,2025-03-31 08:56:15.868278+00:00;2025-03-31 08:57:04.692660+00:00,7;31
9736,1736175372205449693,,No;No,,,,,,,,,,,none,,,,Yes;Yes,Image 1,Yes;Yes,No;Yes,Yes;No,,,,biotic,biotic,,,,,,immaterial,immaterial,,,,2025-03-31 16:55:53.600751+00:00;2025-03-31 20:35:11.567238+00:00,17;31
9742,1737096441347092709,,No,,,,,,,,,,,artificial_surfaces,,,,Yes;Yes,Image 1,Yes;No,No;No,Yes;No,,,,,biotic,,,,,,,material,,,,2025-03-31 16:34:17.711038+00:00;2025-03-31 09:19:00.876357+00:00,7;16
9747,1737851416163807419,,No;No,,,,,,,,,,,,,,,Yes;Yes,,No;No,No;No,No;No,,,,,,,,,,,,,,,,2025-03-31 09:24:02.046451+00:00;2025-03-31 09:29:32.767104+00:00,16;28
9748,1737987311516672244,,No;No,,,,,,,,,,,,,,,Yes;Yes,,Yes;No,No;No,No;No,,,,,,,,,,,,,,,,2025-03-31 09:29:24.331162+00:00;2025-03-31 10:26:19.259169+00:00,28;30
9749,1738138306494242913,,No;No,,,,,,,,,,,,,,,Yes;Yes,,No;No,No;No,No;No,,,,,,,,,,,,,,,,2025-03-31 09:27:02.065307+00:00;2025-03-31 10:03:26.322265+00:00,28;30
9751,1738289301518250044,,No;No,,,,,,,,,,,,,,,Yes;Yes,,No;No,No;No,No;No,,,,,,,,,,,,,,,,2025-03-31 09:26:55.576092+00:00;2025-03-31 09:51:17.123771+00:00,28;30
9752,1738440296474546640,,No;No,,,,,,,,,,,none;none,,,,Yes;Yes,Image 1;Image 1,Yes;Yes,No;No,Yes;Yes,,animal animation/drawing,,,biotic;biotic,,,,,,,immaterial;immaterial,,,,2025-03-31 09:26:44.799940+00:00;2025-03-31 10:10:20.127098+00:00,28;30
9753,1738606390774521983,,No;No,Sport;Sport,,,,,,sports pitch,,,none;none,none;none,none;none,none;none,artificial_surfaces;artificial_surfaces,Yes;Yes,Image 4;Image 4,Yes;Yes,No;No,Yes;Yes,,,,,,,,biotic;biotic,,,,,,,material;material,2025-03-31 08:52:51.843831+00:00;2025-03-31 08:52:00.371673+00:00,7;30
9754,1738742286304030961,"sky on the background, health?",Yes;No,Health,,,,,,,,,,forest_and_seminatural_areas;none,,,,Yes;Yes,Image 1;Image 1,Yes;Yes,No;No,Yes;Yes,,sky,,,abiotic;abiotic,,,,,,,material;immaterial,,,,2025-03-31 09:26:12.152823+00:00;2025-03-31 10:11:47.469642+00:00,28;30
9755,1738914923932180710,,No;Yes,Health,,,,,,,,,none;forest_and_seminatural_areas,artificial_surfaces,artificial_surfaces,,,Yes;Yes,"Image 1,Image 2;Image 1,Image 2",Yes;Yes,Yes;Yes,Yes;Yes,,,,abiotic;biotic,biotic;biotic,biotic,,,,,immaterial;material,material;material,material,,,2025-03-31 09:22:37.152002+00:00;2025-03-31 10:02:52.496963+00:00,28;30
9756,1739059375665185123,,No;No,Sport;Sport,,,,,,,,,none,artificial_surfaces;artificial_surfaces,none,none,none,Yes;Yes,Image 1;Image 1,Yes;Yes,No;No,Yes;Yes,,,,,biotic;biotic,,,,,,,material;material,,,,2025-03-31 09:22:49.202815+00:00;2025-03-31 09:20:05.474951+00:00,7;28
9757,1739195270896718169,,No;No,,,,,,,,,,none,none;none,none,none,none,Yes;Yes,Image 1,No;Yes,No;No,No;Yes,,drawing of tree,,,biotic,,,,,,,immaterial,,,,2025-03-31 09:05:59.321466+00:00;2025-03-31 09:05:30.109095+00:00,7;30
9758,1739346266054676918,,No;No,,,,,,,,,,,,,,,Yes;Yes,,No;No,No;No,No;No,,,,,,,,,,,,,,,,2025-03-31 09:19:16.992401+00:00;2025-03-31 09:58:18.710415+00:00,28;30
9759,1739497261069926465,,No;No,,,,,,,,,,,,,,,Yes;Yes,,No;No,No;No,No;No,,,,,,,,,,,,,,,,2025-03-31 09:18:57.403951+00:00;2025-03-31 09:58:46.696196+00:00,28;30
9760,1739663355504427304,,No;No,,,,,,,,,,,,,,,Yes;Yes,,No;No,No;No,No;No,,,,,,,,,,,,,,,,2025-03-31 09:18:34.187177+00:00;2025-03-31 09:21:52.213662+00:00,28;31
9761,1504851118064644096,,No;No,,,,,,,,,,,,,,,Yes;Yes,,No;No,No;No,No;No,,,,,,,,,,,,,,,,2025-03-31 17:09:42.354830+00:00;2025-03-31 16:47:04.164282+00:00,7;17
9762,1739799250790236510,,No;No,,,,,,,,,,,,,,,Yes;Yes,,No;No,No;No,No;No,,,,,,,,,,,,,,,,2025-03-31 09:27:21.151132+00:00;2025-03-31 09:18:26.534118+00:00,16;28
9763,1739950245931278634,,No;No,,,,,,,,,,,"forest_and_seminatural_areas;agricultural_areas,forest_and_seminatural_areas",,,,Yes;Yes,Image 1;Image 1,Yes;Yes,No;No,Yes;Yes,,,,,biotic;biotic,,,,,,,immaterial;material,,,,2025-03-31 16:33:21.362741+00:00;2025-03-31 09:18:16.938525+00:00,7;28
9764,1740101240481046797,,No;No,,,,,,,,,,,none,,,,Yes;Yes,Image 1,Yes;No,No;No,Yes;No,,,,,biotic,,,,,,,material,,,,2025-03-31 09:16:41.725960+00:00;2025-03-31 10:05:45.403677+00:00,28;30
9765,1740252235706380419,,No;No,,,,,,,,,,none,none,none,none,none,Yes;Yes,,No;No,No;No,No;No,,,,,,,,,,,,,,,,2025-03-31 09:18:13.404036+00:00;2025-03-31 09:16:10.007311+00:00,7;28
9766,1740433429714415720,,No;No,,,,,,,,,,none,none,none,none,none,Yes;No,,No;No,No;No,No;No,,,,,,,,,,,,,,,,2025-03-31 09:16:37.842734+00:00;2025-03-31 09:16:04.375214+00:00,7;28
9767,1740584424629301758,,No;No,,,,,,,,,,,,,,,Yes;Yes,,No;No,No;No,No;No,,,,,,,,,,,,,,,,2025-03-31 09:15:48.762241+00:00;2025-03-31 09:49:50.983068+00:00,28;30
9768,1740705220538040601,,No;No,,,,,,,,,,none,none,none,none,none,Yes;Yes,,No;No,No;No,No;No,,,,,,,,,,,,,,,,2025-03-31 09:16:18.568664+00:00;2025-03-31 09:15:33.901840+00:00,7;28
9769,1740886414290502114,,No;No,,,,,,,,,,none,none,none,none,none,Yes;Yes,,No;No,No;No,No;No,,,,,,,,,,,,,,,,2025-03-31 09:16:28.076147+00:00;2025-03-31 09:15:18.402615+00:00,7;28
9770,1741028853001453718,,No;No,,,,,,,,,,none,none;none,none,none,none,Yes;Yes,Image 1;Image 1,Yes;Yes,No;No,Yes;Yes,,,,,biotic;biotic,,,,,,,immaterial;immaterial,,,,2025-03-31 09:16:58.048332+00:00;2025-03-31 09:15:10.276388+00:00,7;28
9772,1480087946636181504,,No;No,,,,,,,,,,none,none,none,none,none,Yes;Yes,,No;No,No;No,No;No,,,,,,,,,,,,,,,,2025-03-31 09:19:00.244599+00:00;2025-03-31 09:17:33.181464+00:00,7;30
9775,1505530595329388549,,No;No,,,,,,,,,,,forest_and_seminatural_areas;water_bodies,forest_and_seminatural_areas;water_bodies,,,Yes;Yes,"Image 1,Image 2;Image 1,Image 2",Yes;Yes,No;No,Yes;Yes,,,,,biotic;biotic,abiotic;abiotic,,,,,,material;material,material;material,,,2025-03-31 17:32:19.476243+00:00;2025-03-31 20:52:25.257068+00:00,7;31
9776,1505606092725833730,,No;No,,,,,,,,,,none;none,none;artificial_surfaces,none;none,none;none,none;none,Yes;Yes,Image 1,No;Yes,No;No,No;Yes,,,,,biotic,,,,,,,material,,,,2025-03-31 08:57:28.229951+00:00;2025-03-31 08:58:58.633182+00:00,7;31
9781,1506436564930412546,,No;No,,,,,,,,,,,,,,,Yes;Yes,,No;No,No;No,No;No,,,,,,,,,,,,,,,,2025-04-01 14:25:51.157302+00:00;2025-04-01 12:48:00.521855+00:00,7;42
9782,1506512062431825926,,No;No,,,,,,,,,,none;none,none;none,none;none,none;none,none;none,Yes;Yes,Image 1;Image 1,Yes;Yes,No;No,Yes;Yes,,,,,biotic;biotic,,,,,,,immaterial;immaterial,,,,2025-03-31 08:51:06.956433+00:00;2025-03-31 08:49:58.028945+00:00,7;15
9785,1507040544710610946,,No;No,,,,,,,,,,none;none,none;none,,,,Yes;Yes,Image 1;Image 1,Yes;Yes,Yes;Yes,Yes;Yes,,,,biotic;biotic,biotic;biotic,,,,,,material;material,material;material,,,,2025-03-31 17:39:30.443513+00:00;2025-03-31 20:56:06.987563+00:00,7;31
9790,1507720022021476357,,No;No,Health,,,,,ocean,,,,,water_bodies;water_bodies,,,,Yes;Yes,Image 1;Image 1,Yes;Yes,Yes;Yes,Yes;Yes,nature,,,abiotic,abiotic,,,,,,immaterial,material;material,,,,2025-04-01 14:42:44.313470+00:00;2025-04-01 13:37:13.159862+00:00,7;42
9792,1508173006715113476,,No;No,,,,,,,,,,,artificial_surfaces;forest_and_seminatural_areas,artificial_surfaces;forest_and_seminatural_areas,,,Yes;Yes,"Image 1,Image 2;Image 1,Image 2",Yes;Yes,No;No,Yes;Yes,,,,,biotic;biotic,biotic;biotic,,,,,,material;material,material;material,,,2025-04-01 14:33:09.476704+00:00;2025-04-01 08:32:39.201581+00:00,7;42
9794,1480389937061314561,,No;No,,,,,,,,,,none,none,none,none,none,Yes;Yes,,No;No,No;No,No;No,,,,,,,,,,,,,,,,2025-03-31 09:20:12.988213+00:00;2025-03-31 09:17:39.064101+00:00,7;30
9801,1509682956310253583,,No;No,,,,,,,,,,,,,,,Yes;Yes,"Image 2,Image 3,Image 4",Yes;No,Yes;No,Yes;No,,,,biotic,,abiotic,biotic,biotic,,,immaterial,,material,immaterial,immaterial,2025-03-31 16:41:51.308235+00:00;2025-03-31 09:20:03.952705+00:00,7;16
9804,1510135940978810881,,No;No,,,,,,,,,,,,,,,Yes;Yes,,No;Yes,No;Yes,No;No,,,,abiotic,,,,,,,immaterial,,,,,2025-04-01 09:57:29.757218+00:00;2025-04-01 07:55:52.129035+00:00,1;42
9811,1511041910823165954,,No;No,,,,,,,,,,none;none,none;none,none;none,none;none,none;none,Yes;Yes,,No;No,No;No,No;No,,,,,,,,,,,,,,,,2025-03-31 09:13:57.874776+00:00;2025-03-31 09:40:01.220889+00:00,7;42
9812,1511192905754370050,,No;No,,,,,,,,,,,,,,,Yes;Yes,,No;No,No;No,No;No,,,,,,,,,,,,,,,,2025-04-01 14:04:47.059371+00:00;2025-04-01 13:12:53.488774+00:00,7;42
9814,1512098875422781446,,No;No,,,,,,,,,,,,,,,Yes;Yes,,No;No,No;No,No;No,,,,,,,,,,,,,,,,2025-04-01 14:08:59.013163+00:00;2025-04-01 13:56:32.734417+00:00,7;42
9815,1512249870329204741,,No;No,,,,,,,,,,,,,,,Yes;Yes,,No;No,No;No,No;No,,,,,,,,,,,,,,,,2025-03-31 17:19:18.021134+00:00;2025-03-31 20:48:04.422569+00:00,7;31
9816,1480842921926660096,,No;No,,,,,,,,,,none,none,none,none,none,Yes;Yes,,No;No,No;No,No;No,,,,,,,,,,,,,,,,2025-03-31 09:18:07.640085+00:00;2025-03-31 09:17:44.979991+00:00,7;30
9819,1512702854972121088,,No;No,,,,,,,,,,none,none,none,none,none,Yes;Yes,,No;No,No;No,No;No,,,,,,,,,,,,,,,,2025-03-31 09:04:06.877820+00:00;2025-03-31 09:04:23.978956+00:00,30;31
9821,1513004845082771462,,No;No,Sport;Sport,,,,,,,,,,artificial_surfaces;artificial_surfaces,,,,Yes;Yes,Image 1;Image 1,Yes;Yes,No;No,Yes;Yes,,,,,biotic;biotic,,,,,,,material;material,,,,2025-03-31 09:14:57.614164+00:00;2025-03-31 09:20:40.352073+00:00,16;31
9822,1513155839917723649,,No;No,,,,,,,,,,,,,,,Yes;Yes,,No;No,No;No,No;No,,,,,,,,,,,,,,,,2025-04-01 14:24:27.998375+00:00;2025-04-01 07:56:31.848135+00:00,7;42
9827,1480993916967129094,,No;No,,,,,,,,,,none,none,none,none,none,Yes;Yes,,No;No,No;No,No;No,,,,,,,,,,,,,,,,2025-03-31 09:22:26.938470+00:00;2025-03-31 09:17:55.624727+00:00,7;30
9829,1514363799574401026,,No;No,,,,,,,,,,none,none,none,none,none,Yes;Yes,,No;No,No;No,No;No,,,,,,,,,,,,,,,,2025-03-31 09:04:24.643464+00:00;2025-03-31 09:03:44.591154+00:00,7;30
9832,1514892281899233287,,No;No,Food,,,,,,,,,,,,,,Yes;Yes,Image 1,Yes;No,No;No,Yes;No,,,,,biotic,,,,,,,material,,,,2025-04-01 13:54:47.388055+00:00;2025-04-01 13:17:02.446288+00:00,7;42
9833,1515043276650430466,,No;No,,,,,,,,,,,,,,,Yes;Yes,,No;No,No;No,No;No,,,,,,,,,,,,,,,,2025-04-01 14:05:04.300065+00:00;2025-04-01 13:59:47.924214+00:00,7;42
9834,1515269769167269891,,No;No,,,,,,,,,,,,,,,Yes;Yes,,No;No,No;No,No;No,,,,,,,,,,,,,,,,2025-03-31 17:27:02.328169+00:00;2025-03-31 20:38:26.621556+00:00,7;31
9837,1515722753923592197,,No;No,,,,,,,,,,none,none,none,none,none,Yes;Yes,,Yes;No,Yes;No,No;No,,,,abiotic,,,,,,,material,,,,,2025-03-31 09:05:33.969456+00:00;2025-03-31 09:05:44.029107+00:00,7;30
9838,1477672028190785546,,No;No;No,,,,,,,,,,,,,,,Yes;Yes;Yes,,No;No;No,No;No;No,No;No;No,,,,,,,,,,,,,,,,2025-03-31 09:10:27.561365+00:00;2025-03-31 09:10:24.859932+00:00;2025-03-31 09:09:37.066120+00:00,17;28;30
9839,1481295906842759172,,No;No,,,,,desert,,,,,,forest_and_seminatural_areas,,,,No;Yes,Image 1,No;Yes,No;No,No;Yes,,deserrt,,,abiotic,,,,,,,material,,,,2025-03-31 16:44:45.559642+00:00;2025-03-31 09:19:24.315362+00:00,7;30
9841,1516704221118222339,,No;No,,,,,,,,,,,,,,,Yes;Yes,,No;No,No;No,No;No,,,,,,,,,,,,,,,,2025-03-31 17:25:35.472856+00:00;2025-04-01 08:40:50.352708+00:00,7;42
9850,1481748891674591236,,No;No,Video game,,,,mountain,,,,,none,none;forest_and_seminatural_areas,none,none,none,Yes;Yes,Image 1,No;Yes,No;No,No;Yes,,rock,,,abiotic,,,,,,,immaterial,,,,2025-03-31 09:22:57.163990+00:00;2025-03-31 09:21:32.932847+00:00,7;30
9852,1518440662907113473,"In Picture 1, the painted flowers (immaterial) and cakes (material) exist at the same time.",Yes;No,Food,,,,,,,,,,none,none,none,none,Yes;Yes,"Image 1,Image 2,Image 3,Image 4",Yes;No,No;No,Yes;No,,,,,biotic,biotic,biotic,biotic,,,,immaterial,material,material,immaterial,2025-03-31 09:32:32.801324+00:00;2025-03-31 09:51:11.164480+00:00,15;30
9858,1519422130152083457,,No;No,,,,,,,,,,,,,,,Yes;Yes,Image 1,No;Yes,No;No,No;Yes,,sky,,,abiotic,,,,,,,immaterial,,,,2025-04-01 14:20:17.223123+00:00;2025-04-01 13:59:40.841542+00:00,7;42
9860,1519724119994085377,,No;No,,,,,,,,,,,,,,,Yes;Yes,,No;No,No;No,No;No,,,,,,,,,,,,,,,,2025-04-01 13:48:10.939727+00:00;2025-04-01 13:08:30.246533+00:00,7;42
9861,1481975383498969090,,No;No,,,,,,,,,,,,,,,Yes;Yes,Image 1,Yes;No,No;No,Yes;No,,,,,biotic,,,,,,,material,,,,2025-03-31 16:43:45.085824+00:00;2025-03-31 09:21:39.396657+00:00,7;30
9862,1520026109827448832,,No;No,,,,,,,,,,none;none,none;none,none;none,none;none,none;none,Yes;Yes,,No;No,No;No,No;No,,,,,,,,,,,,,,,,2025-03-31 08:42:39.455603+00:00;2025-03-31 08:44:04.044892+00:00,30;31
9863,1520101607412752385,,No;No,,,,,,,,,,none;none,none;none,none;none,none;none,none;none,Yes;Yes,,No;No,No;No,No;No,,,,,,,,,,,,,,,,2025-03-31 08:54:21.376037+00:00;2025-03-31 08:54:00.196738+00:00,30;31
9869,1521460561959170049,,No;No,,,,,,,,,,,,,,,Yes;Yes,,No;No,No;No,No;No,,,,,,,,,,,,,,,,2025-03-31 17:16:04.784095+00:00;2025-03-31 16:49:31.210922+00:00,7;17
9871,1521762551746674688,,No;No,,,,,,,,,,,none,,,,Yes;Yes,Image 1,No;Yes,No;No,No;Yes,,,,,biotic,,,,,,,immaterial,,,,2025-03-31 17:15:55.908005+00:00;2025-03-31 16:56:18.506287+00:00,7;17
9872,1482050881524838409,,No;No,,,,,,,,,,,,,,,Yes;Yes,,No;No,No;No,No;No,,,,,,,,,,,,,,,,2025-03-31 16:20:28.593414+00:00;2025-03-31 09:21:55.936995+00:00,7;30
9882,1523272501219840001,,No;No,,,,,,,,,,none;none,none;none,none;none,none;none,none;none,Yes;Yes,,No;No,No;No,No;No,,,,,,,,,,,,,,,,2025-03-31 08:46:11.194675+00:00;2025-03-31 08:40:54.545076+00:00,28;31
9883,1482201876456427525,,No;No,,,,,,,,,,,,,,,Yes;Yes,,No;No,No;No,No;No,,,,,,,,,,,,,,,,2025-03-31 16:34:31.517539+00:00;2025-03-31 09:22:01.650272+00:00,7;30
9886,1523800983566184448,,No;No,,,,,,,,,,,,,,,Yes;Yes,,No;No,No;No,No;No,,,,,,,,,,,,,,,,2025-04-01 14:20:35.884106+00:00;2025-04-01 13:01:55.411331+00:00,7;42
9888,1524102973483364352,,No;No,,,,,,,,,,,,,,,Yes;Yes,,No;No,No;No,No;No,,,,,,,,,,,,,,,,2025-04-01 14:10:47.195870+00:00;2025-04-01 08:52:10.083595+00:00,7;42
9893,1524782450601336833,,No;No,,,,,,,,,,none;none,none;none,none;none,none;none,none;none,Yes;Yes,Image 1;Image 1,Yes;Yes,Yes;No,Yes;Yes,,,,biotic,abiotic,,,,,,material,immaterial;immaterial,,,,2025-03-31 08:47:34.154464+00:00;2025-03-31 08:51:30.002718+00:00,7;31
9894,1482428368872251402,,No;No,,,,,,,,,,,,,,,Yes;Yes,,No;No,No;No,No;No,,,,,,,,,,,,,,,,2025-03-31 16:34:41.176654+00:00;2025-03-31 09:22:07.164700+00:00,7;30
9896,1525084440594042881,,No;No,,,,,,,,,,,,,,,Yes;Yes,,No;No,No;No,No;No,,,,,,,,,,,,,,,,2025-04-01 14:50:42.551492+00:00;2025-04-01 08:27:03.387741+00:00,7;42
9898,1525537425417568256,,No;No,,,,,,,,,,none,forest_and_seminatural_areas,,,,Yes;Yes,Image 1;Image 1,Yes;Yes,Yes;No,Yes;Yes,,,,abiotic,biotic;biotic,,,,,,material,immaterial;immaterial,,,,2025-04-01 14:03:46.283931+00:00;2025-04-01 08:15:38.905758+00:00,7;42
9901,1525990410266492929,,No;No,,,,,,,,,,,,,,,Yes;Yes,,No;No,No;No,No;No,,,,,,,,,,,,,,,,2025-04-01 14:34:00.584059+00:00;2025-04-01 08:51:33.417918+00:00,7;42
9903,1526292400162865152,,No;No,,,,,,beach,,,,,"forest_and_seminatural_areas,water_bodies;water_bodies",,,,Yes;Yes,Image 1;Image 1,Yes;Yes,No;No,Yes;Yes,,,,,abiotic;abiotic,,,,,,,material;material,,,,2025-03-31 09:52:58.979894+00:00;2025-03-31 09:21:35.284317+00:00,30;31
9905,1482503866306510848,,No;No,Video game,,,,,,,,,,artificial_surfaces;artificial_surfaces,,,,Yes;Yes,Image 1;Image 1,Yes;Yes,No;No,Yes;Yes,,tree animated,,,biotic;biotic,,,,,,,immaterial;immaterial,,,,2025-03-31 16:42:48.705333+00:00;2025-03-31 09:22:58.370187+00:00,7;30
9910,1527575857115578368,,No;No,,,,,,,,,,,,,,,Yes;Yes,,No;No,No;No,No;No,,,,,,,,,,,,,,,,2025-03-31 09:25:43.050657+00:00;2025-03-31 09:52:08.049326+00:00,16;30
9916,1482805856295084033,,No;No,,,,,,,,,,,,,,,Yes;Yes,,No;No,No;No,No;No,,,,,,,,,,,,,,,,2025-04-01 07:26:58.596685+00:00;2025-04-01 07:43:10.032788+00:00,1;42
9923,1529916278760165382,,No;No,,,,,,,,,,,,,,,Yes;Yes,,No;No,No;No,No;No,,,,,,,,,,,,,,,,2025-03-31 16:40:33.837156+00:00;2025-03-31 09:28:13.253479+00:00,7;31
9924,1530067273741766656,,No;No,,,,,,,,,,none,none;none,none,none,none,Yes;Yes,Image 1;Image 1,Yes;Yes,No;No,Yes;Yes,,,,,abiotic;abiotic,,,,,map,,immaterial;immaterial,,,,2025-03-31 08:58:40.674202+00:00;2025-03-31 09:01:39.661572+00:00,28;30
9925,1530218268706979843,,Yes;No,,,,,,,,,,,,,,,Yes;Yes,,No;No,No;No,No;No,,,,,,,,,,,,,,,,2025-03-31 10:22:26.979998+00:00;2025-03-31 09:19:32.794596+00:00,30;31
9927,1483032348711337987,,No;No,,,,,,,,,,,,,,,Yes;Yes,,No;No,No;No,No;No,,,,,,,,,,,,,,,,2025-03-31 17:12:36.477847+00:00;2025-03-31 09:23:03.826175+00:00,7;30
9930,1530822248445235200,,No;No,,,,,,,,,,,,,,,Yes;Yes,,No;No,No;No,No;No,,,,,,,,,,,,,,,,2025-04-01 14:19:01.297630+00:00;2025-04-01 13:35:14.094953+00:00,7;42
9931,1531048740777238531,,No;No,,,,,,,,,,none;none,none;none,none;none,none;none,none;none,Yes;Yes,,No;No,No;No,No;No,,,,,,,,,,,,,,,,2025-03-31 08:52:22.126832+00:00;2025-03-31 08:53:26.566743+00:00,30;31
9933,1531275233218502657,,No;No,,,,,,,,,,none,none,none,none,none,Yes;Yes,,No;No,No;No,No;No,,,,,,,,,,,,,,,,2025-03-31 09:01:12.282970+00:00;2025-03-31 09:01:52.078621+00:00,7;30
9934,1531652720674734080,,No;No,,,,,,,,,,,,,,,Yes;Yes,,No;No,No;No,No;No,,,,,,,,,,,,,,,,2025-03-31 17:40:43.465188+00:00;2025-04-01 08:38:44.460279+00:00,7;42
9938,1483409836033589258,,No;No,,,,,,,,,,,,,,,Yes;Yes,,No;No,No;No,No;No,,,,,,,,,,,,,,,,2025-03-31 16:33:29.950882+00:00;2025-03-31 09:23:12.151242+00:00,7;30
9940,1532483192862789638,,No;No,,,,,,,,,,none;none,none;none,none;none,none;none,none;none,Yes;Yes,,No;No,No;No,No;No,,,,,,,,,,,,,,,,2025-03-31 09:14:38.279955+00:00;2025-03-31 09:13:05.874839+00:00,7;31
9946,1533691152351625217,,No;No,,,,,,,,,,,,,,,Yes;Yes,,No;No,No;No,No;No,,,,,,,,,,,,,,,,2025-03-31 09:52:00.027567+00:00;2025-03-31 09:33:04.108408+00:00,30;31
9949,1477823022849568769,,No;No;No;No,Food,,,,,,,,,none,none;none,none,none,none,Yes;Yes;Yes;Yes,Image 1,No;No;Yes;No,No;No;No;No,No;No;Yes;No,,,,,biotic,,,,,,,material,,,,2025-03-31 09:10:33.569771+00:00;2025-03-31 09:10:35.903785+00:00;2025-03-31 09:10:58.194904+00:00;2025-03-31 09:09:45.161220+00:00,7;17;28;30
9953,1534521624602738688,,No;No,,,,,,,,,,none,none,none,none,none,Yes;Yes,Image 1;Image 1,Yes;Yes,No;No,Yes;Yes,,,,,biotic;biotic,,,,,,,immaterial;immaterial,,,,2025-03-31 09:17:41.221607+00:00;2025-04-01 12:30:23.900615+00:00,15;42
9954,1534672619269521408,,No;No,,,,,,,,,,,,,,,Yes;Yes,,No;No,No;No,No;No,,,,,,,,,,,,,,,,2025-03-31 17:15:24.030490+00:00;2025-03-31 16:55:28.213515+00:00,7;17
9957,1535201101846556672,,No;No,,,,,,,,,Sky,,"artificial_surfaces;artificial_surfaces,other",,,,Yes;Yes,Image 1;Image 1,Yes;Yes,No;No,Yes;Yes,,,,,abiotic;abiotic,,,,,,,material;material,,,,2025-03-31 17:37:24.878357+00:00;2025-03-31 20:44:07.696277+00:00,7;31
9961,1483862820739497985,,No;No,,,,,,,,,,,,,,,Yes;Yes,,No;No,No;No,No;No,,,,,,,,,,,,,,,,2025-03-31 16:42:55.434060+00:00;2025-03-31 09:23:21.577543+00:00,7;30
9972,1484089313294188544,,No;No,,,,,,,,,,,,,,,Yes;Yes,,No;No,No;No,No;No,,,,,,,,,,,,,,,,2025-03-31 16:34:26.642834+00:00;2025-03-31 09:24:27.888236+00:00,7;30
9975,1537919010792017923,,No;No,,,,,,,,,,,,,,,Yes;Yes,,No;No,No;No,No;No,,,,,,,,,,,,,,,,2025-03-31 17:15:50.440159+00:00;2025-03-31 16:46:50.672169+00:00,7;17
9976,1538221000604561409,,No;No,,,,,,,,,,,,,,,Yes;Yes,,No;No,No;No,No;No,,,,,,,,,,,,,,,,2025-03-31 17:07:39.449332+00:00;2025-03-31 16:44:19.476354+00:00,7;17
9978,1538673985478696960,,No;No,,,,,,,,,,,,,,,Yes;Yes,,No;No,No;No,No;No,,,,,,,,,,,,,,,,2025-04-01 14:41:27.995224+00:00;2025-04-01 13:39:25.783746+00:00,7;42
9979,1538824980506370049,,No;No,,,,,,,,,,,,,,,Yes;Yes,,No;No,No;No,No;No,,,,,,,,,,,,,,,,2025-04-01 13:46:21.699161+00:00;2025-04-01 13:51:11.338823+00:00,7;42
9982,1539277965355278336,,No;No,,,,,,,,,,,,,,,Yes;Yes,,No;No,No;No,No;No,,,,,,,,,,,,,,,,2025-03-31 09:25:52.299812+00:00;2025-03-31 09:17:32.259428+00:00,30;31
9983,1484240308103692289,,No;No,,,,,,,,,,none,none,none,none,none,Yes;Yes,,No;No,No;No,No;No,,,,,,,,,,,,,,,,2025-03-31 09:20:01.323635+00:00;2025-03-31 09:18:43.006656+00:00,7;31
9991,1540636919771660290,,No;No,,,,,,,,,,,,,,,Yes;Yes,,No;No,No;No,No;No,,,,,,,,,,,,,,,,2025-04-01 14:45:27.847082+00:00;2025-04-01 13:51:41.742865+00:00,7;42
9998,1541542889502769153,,No;No,,,,,,,,,,,,,,,Yes;Yes,,No;No,No;No,No;No,,,,,,,,,,,,,,,,2025-04-01 14:18:47.504785+00:00;2025-04-01 08:31:35.280528+00:00,7;42
10000,1541844879248179205,,No;No,,,,,,,,,,none,none,none,none,none,Yes;Yes,Image 1,Yes;No,No;No,Yes;No,,,,,biotic,,,,,,,immaterial,,,,2025-03-31 09:20:53.564303+00:00;2025-03-31 09:17:39.312309+00:00,7;31
10005,1484617795547639808,,No;No,,,,,ice-snowscape,,,,,none;none,"none;none,forest_and_seminatural_areas",none;none,none;none,none;none,Yes;Yes,Image 1,No;Yes,No;No,No;Yes,,,,,abiotic,,,,,,,material,,,,2025-03-31 09:06:26.620555+00:00;2025-03-31 09:07:48.194711+00:00,7;31
10028,1547129701998673936,,No;No,,,,,,,,,,none;none,none;none,none;none,none;none,none;none,Yes;Yes,Image 1,No;Yes,No;No,No;Yes,,,,,biotic,,,,,,,material,,,,2025-03-31 08:54:55.365973+00:00;2025-03-31 08:54:48.416642+00:00,30;31
10029,1547280697223675906,,No;No,,,,,,,,,,none,none,none,none,none,Yes;Yes,,No;No,No;No,No;No,,,,,,,,,,,,,,,,2025-03-31 08:58:54.348267+00:00;2025-03-31 09:00:03.958523+00:00,7;28
10031,1547733682034618369,,No;No,,,,,,,,,,,,,,,Yes;Yes,,No;No,No;No,No;No,,,,,,,,,,,,,,,,2025-03-31 17:09:29.903812+00:00;2025-03-31 16:47:56.472035+00:00,7;17
10041,1549243631638196224,,No;No,,,,,,,,,,none;none,"none;none,other",none;none,none;none,none;none,Yes;Yes,Image 1;Image 1,Yes;Yes,No;No,Yes;Yes,,drawing of animal-like creature,,,abiotic;biotic,,,,,,,immaterial;immaterial,,,,2025-03-31 08:48:36.487428+00:00;2025-03-31 08:36:25.013264+00:00,30;31
10052,1550829078382628864,,No;No,,,,,,,,,,,,,,,Yes;Yes,,No;No,No;No,No;No,,,,,,,,,,,,,,,,2025-03-31 17:34:19.029800+00:00;2025-03-31 20:40:10.714337+00:00,7;31
10053,1550904575896391680,,No;No,,,,,,,,,,,,,,,Yes;Yes,,No;No,No;No,No;No,,,,,,,,,,,,,,,,2025-04-01 14:20:30.514283+00:00;2025-04-01 08:15:58.042584+00:00,7;42
10055,1551206565855825921,,No;No,,,,,,,,,,water_bodies;water_bodies,water_bodies;water_bodies,,,,Yes;Yes,Image 1;Image 1,Yes;Yes,Yes;Yes,Yes;Yes,sea,,,abiotic,biotic;abiotic,,,,,,material;immaterial,immaterial;immaterial,,,,2025-04-01 14:44:48.811235+00:00;2025-04-01 13:16:00.169208+00:00,7;42
10060,1477974017982316554,,No;No;No,,,,,,,,,,none;none;none,none;none;none,,,,Yes;Yes;Yes,Image 1;Image 1;Image 1,Yes;Yes;Yes,Yes;Yes;Yes,Yes;Yes;Yes,,,,biotic;biotic;biotic,biotic;biotic;biotic,,,,,,material;material;material,material;material;material,,,,2025-03-31 09:11:14.080884+00:00;2025-03-31 09:11:37.961658+00:00;2025-03-31 09:10:36.516831+00:00,17;28;30
10061,1485901252466819075,,No;No,Sport,,,,ice-snowscape;ice-snowscape,,,,ground covered by snow,,forest_and_seminatural_areas;forest_and_seminatural_areas,,,,Yes;Yes,Image 1;Image 1,Yes;Yes,No;No,Yes;Yes,,,,,abiotic;abiotic,,,,,,,material;material,,,,2025-04-01 13:47:37.727482+00:00;2025-04-01 13:12:28.451860+00:00,7;42
10064,1552565520242974720,,No;No,,,,,,,,,,none,none,none,none,none,Yes;Yes,,No;No,No;No,No;No,,,,,,,,,,,,,,,,2025-03-31 09:08:45.047918+00:00;2025-03-31 09:08:15.042737+00:00,7;30
10066,1552943007560876033,,No;No,,,,,,,,,,,,,,,Yes;Yes,,No;No,No;No,No;No,,,,,,,,,,,,,,,,2025-03-31 17:34:09.242222+00:00;2025-03-31 20:47:17.867286+00:00,7;31
10071,1553622484900990976,,No;No,,,,,,,,,,,,,,,Yes;Yes,,No;No,No;No,No;No,,,,,,,,,,,,,,,,2025-04-01 09:57:42.453221+00:00;2025-04-01 08:33:46.278449+00:00,1;42
10072,1485976750031257600,,No;No,,,,,,,,,,none,none,none,none,none,Yes;Yes,,No;No,No;No,No;No,,,,,,,,,,,,,,,,2025-03-31 09:00:14.023547+00:00;2025-03-31 09:01:32.646249+00:00,7;28
10074,1553999972395278342,,No;No,,,,,,,,,,,,artificial_surfaces;none,artificial_surfaces;none,,Yes;Yes,"Image 2,Image 3;Image 2,Image 3",Yes;Yes,Yes;No,Yes;Yes,,,,abiotic,,biotic;biotic,biotic;biotic,,,,material,,material;material,material;material,,2025-03-31 17:09:16.974794+00:00;2025-03-31 16:45:52.685453+00:00,7;17
10075,1554075469800247304,,No;No,,,,,,,,,,,,,,,Yes;Yes,,No;No,No;No,No;No,,,,,,,,,,,,,,,,2025-03-31 17:38:21.039857+00:00;2025-03-31 20:48:09.379781+00:00,7;31
10080,1554981439438987265,,No;No,,,,,,,,,,none;none,none;none,none;none,none;none,none;none,Yes;Yes,,No;No,No;No,No;No,,,,,,,,,,,,,,,,2025-03-31 08:56:23.490171+00:00;2025-03-31 08:56:14.627240+00:00,7;31
10082,1555434424355164160,,No;No,,,,,,,,,,none,water_bodies;forest_and_seminatural_areas,water_bodies;water_bodies,water_bodies;forest_and_seminatural_areas,water_bodies;forest_and_seminatural_areas,Yes;Yes,"Image 1,Image 2,Image 3,Image 4;Image 1,Image 2,Image 3,Image 4",Yes;Yes,Yes;Yes,Yes;Yes,,,,biotic;biotic,biotic;biotic,abiotic;biotic,abiotic;biotic,abiotic;biotic,,,immaterial;immaterial,material;material,material;material,material;material,material;material,2025-03-31 16:37:50.100018+00:00;2025-03-31 09:28:11.996411+00:00,7;15
10083,1486203242493194242,,No;No,Food,,,,,,,,,,none,,none,none,Yes;Yes,"Image 1,Image 3,Image 4",Yes;No,No;No,Yes;No,,,,,biotic,,biotic,biotic,,,,material,,material,material,2025-04-01 14:08:25.247444+00:00;2025-04-01 07:50:11.096456+00:00,7;42
10096,1557699348456243200,,No;No,,,,,,,,,,,none;artificial_surfaces,,,,Yes;Yes,Image 1;Image 1,Yes;Yes,No;No,Yes;Yes,,,,,biotic;biotic,,,,,,,material;material,,,,2025-03-31 17:41:03.693999+00:00;2025-03-31 20:54:04.865287+00:00,7;31
10107,1559511287813607430,,No;No,,,,,,,,,,,,,,,Yes;Yes,,No;No,No;No,No;No,,,,,,,,,,,,,,,,2025-04-01 14:48:03.230436+00:00;2025-04-01 14:14:22.516154+00:00,7;42
10110,1560190764696600577,,No;No,,,,,,,,,,,,,,,Yes;Yes,,No;No,No;No,No;No,,,,,,,,,,,,,,,,2025-04-01 14:22:34.089473+00:00;2025-04-01 12:55:06.219552+00:00,7;42
10118,1561700714438696960,,No;No,,,,,,,,,,,,,,,Yes;Yes,,No;No,No;No,No;No,,,,,,,,,,,,,,,,2025-04-01 14:10:58.002859+00:00;2025-04-01 07:45:55.419159+00:00,7;42
10119,1561927206766579713,,No;No,,,,,,,,,,,none;none,,,,Yes;Yes,Image 1;Image 1,Yes;Yes,No;No,Yes;Yes,,,,,biotic;biotic,,,,,,,material;material,,,,2025-03-31 09:25:36.131383+00:00;2025-03-31 10:24:46.216461+00:00,16;30
10120,1562078201693749248,,No;No,,,,,,,,,,none,none,none,none,none,Yes;Yes,,No;No,No;No,No;No,,,,,,,,,,,,,,,,2025-03-31 09:04:10.680776+00:00;2025-03-31 09:03:51.512580+00:00,7;30
10121,1562455689246543872,,No;No,,,,,,,,,,none,none,none,none,none,No;Yes,,No;No,No;No,No;No,,,,,,,,,,,,,,,,2025-03-31 09:03:39.440872+00:00;2025-03-31 09:03:20.350699+00:00,7;30
10126,1563135166377500676,,No;No,,,,,,,,,,,,,,,Yes;Yes,,No;No,No;No,No;No,,,,,,,,,,,,,,,,2025-03-31 09:50:23.950562+00:00;2025-03-31 09:27:03.756182+00:00,30;31
10133,1564494120990953472,,No;No,,,,,,,,,,"water_bodies;none,water_bodies",none;none,none;none,none;none,none;none,Yes;Yes,Image 1,Yes;Yes,Yes;Yes,No;Yes,,,,abiotic;biotic,,,,,,,material;material,,,,,2025-03-31 09:00:36.201991+00:00;2025-03-31 09:02:24.924076+00:00,7;31
10136,1565098100728836096,,No;No,,,,,,,,,,,,,,,Yes;Yes,,No;No,No;No,No;No,,,,,,,,,,,,,,,,2025-04-01 14:30:31.120579+00:00;2025-04-01 14:14:12.841693+00:00,7;42
10141,1565702080517623810,,No;No,,,,,,,,,,none;none,none;none,none;none,none;none,none;none,Yes;Yes,,No;No,No;No,No;No,,,,,,,,,,,,,,,,2025-03-31 09:09:26.474865+00:00;2025-03-31 09:12:40.996129+00:00,7;31
10145,1566306060322967552,,No;No,,text,,,,,,,,,,,,,Yes;Yes,,No;No,No;No,No;No,,,,,,,,,,,,,,,,2025-04-01 09:57:16.907793+00:00;2025-04-01 07:43:32.177651+00:00,1;42
10149,1487184709566316553,,No;No,,,,,,,,,,forest_and_seminatural_areas;artificial_surfaces,none;artificial_surfaces,,,,Yes;Yes,Image 1;Image 1,Yes;Yes,Yes;Yes,Yes;Yes,snow,,,abiotic;abiotic,abiotic;abiotic,,,,,,material;material,material;material,,,,2025-03-31 09:54:38.443567+00:00;2025-03-31 09:29:34.873142+00:00,30;31
10156,1568117999479017472,,No;No,,,,,,,,,,,,,,,Yes;Yes,,No;No,No;No,No;No,,,,,,,,,,,,,,,,2025-04-01 14:08:41.295375+00:00;2025-04-01 13:58:26.266309+00:00,7;42
10163,1569778943779307520,,No;No,,,,,,,,,,none;none,none;none,none;none,none;none,none;none,Yes;Yes,,No;No,No;No,No;No,,,,,,,,,,,,,,,,2025-03-31 08:43:24.641881+00:00;2025-03-31 08:44:17.202227+00:00,30;31
10165,1570080933864169475,,No;No,,,,,,,,,,none;none,none;none,none;none,none;none,none;none,Yes;Yes,,No;No,No;No,No;No,,,,,,,,,,,,,,,,2025-03-31 08:51:19.915850+00:00;2025-03-31 08:51:44.678963+00:00,7;31
10166,1570231928867164165,,No;No,,,,,,,,,,,,,,,Yes;Yes,,No;No,No;No,No;No,,,,,,,,,,,,,,,,2025-03-31 17:39:07.096264+00:00;2025-03-31 20:47:55.502746+00:00,7;31
10171,1478200510306217990,Is there nature in the text or not? If yes: COVID-19 as negative element or natural process? Also this would be coded as health? ,No;Yes;No;No,,,,,,,,,,none,none,none,none,none,Yes;Yes;Yes;Yes,,Yes;No;No;No,Yes;No;No;No,No;No;No;No,,,,abiotic,,,,,,,material,,,,,2025-03-31 10:04:00.640455+00:00;2025-03-31 09:13:03.328523+00:00;2025-03-31 09:12:03.859920+00:00;2025-03-31 09:10:52.187430+00:00,7;17;28;30
10173,1571364390733225986,,No;No,Food,,,,,,,,,,,,,,Yes;Yes,Image 1,Yes;No,No;No,Yes;No,,,,,biotic,,,,,,,material,,,,2025-03-31 17:36:58.236868+00:00;2025-04-01 08:14:14.695640+00:00,7;42
10178,1572194863092826114,,No;No,,visual,Image 1,,,,,,,"none,forest_and_seminatural_areas;none,forest_and_seminatural_areas",none;none,none;none,none;none,none;none,Yes;Yes,Image 1;Image 1,Yes;Yes,Yes;Yes,Yes;Yes,,,,biotic;biotic,,,,,,,material;material,,,,,2025-03-31 08:58:47.029159+00:00;2025-03-31 09:00:27.658821+00:00,30;31
10179,1572345858020065281,,No;No,,,,,,,,,,none;none,none;none,none;none,none;none,none;none,Yes;Yes,Image 1,Yes;Yes,Yes;Yes,No;Yes,rocks,,,abiotic;biotic,,,,,,,material;material,,,,,2025-03-31 08:52:03.134017+00:00;2025-03-31 08:54:12.486720+00:00,7;30
10180,1572496852985196546,,No;No,,,,,,,,,,,,,,,Yes;Yes,,No;No,No;No,No;No,,,,,,,,,,,,,,,,2025-03-31 17:17:02.928608+00:00;2025-04-01 08:40:34.565116+00:00,7;42
10186,1573553817500749825,,No;No,,,,,,,,,,,none,,,,Yes;Yes,Image 1;Image 1,Yes;Yes,No;No,Yes;Yes,,,,,biotic;biotic,,,,,,,material;material,,,,2025-04-01 14:04:41.690049+00:00;2025-04-01 13:59:08.926076+00:00,7;42
10195,1574912772063694848,,No;No,,,,,,,,,,,,,,,Yes;Yes,,No;No,No;No,No;No,,,,,,,,,,,,,,,,2025-03-31 09:28:24.883392+00:00;2025-03-31 10:25:08.312530+00:00,16;30
10196,1575139264546881551,,No;No,,,,,,,,,,,,,,,Yes;Yes,,No;No,No;No,No;No,,,,,,,,,,,,,,,,2025-03-31 09:04:53.668957+00:00;2025-03-31 09:04:19.638699+00:00,16;30
10198,1575365756832731136,,No;No,,,,,,,,,,,,,,,Yes;Yes,,No;No,No;No,No;No,,,,,,,,,,,,,,,,2025-04-01 09:57:49.109289+00:00;2025-04-01 08:33:48.254472+00:00,1;42
10203,1576120731532144640,,No;No,,,,,,,,,,,,,,,Yes;Yes,,No;No,No;No,No;No,,,,,,,,,,,,,,,,2025-03-31 10:24:56.298530+00:00;2025-03-31 09:23:50.521326+00:00,30;31
10208,1576724711295586305,mixed landscape types; fishing as sports?,No;Yes,Sport;Sport,,,,,,,,,water_bodies,"forest_and_seminatural_areas,water_bodies","forest_and_seminatural_areas,water_bodies",,,Yes;Yes,"Image 1,Image 2;Image 1,Image 2",Yes;Yes,Yes;Yes,Yes;Yes,,,,abiotic,biotic,biotic,,,,,material,material,material,,,2025-03-31 10:09:09.881765+00:00;2025-03-31 09:26:45.479642+00:00,30;31
10210,1577026701044817920,,No;No,,visual,Image 2,,,,,,,none;none,none;none,none;none,none;none,none;none,Yes;Yes,,No;No,No;No,No;No,,,,,,,,,,,,,,,,2025-03-31 08:54:01.988202+00:00;2025-03-31 08:54:56.667974+00:00,7;15
10212,1577404188568743937,,No;No,Health;Health,,,,,,,,,,none,,,,Yes;Yes,Image 1;Image 1,Yes;Yes,No;No,Yes;Yes,,,,,abiotic;abiotic,,,,,,,immaterial;immaterial,,,,2025-04-01 14:44:15.210260+00:00;2025-04-01 07:53:50.025103+00:00,7;42
10213,1577479685893607425,,No;No,,,,,,,,,,,,,,,Yes;Yes,,No;No,No;No,No;No,,,,,,,,,,,,,,,,2025-03-31 17:16:30.578697+00:00;2025-03-31 16:48:09.422197+00:00,7;17
10216,1488090679314026500,,No;No,,,,,,,,,,,,,,,Yes;Yes,,No;No,No;No,No;No,,,,,,,,,,,,,,,,2025-03-31 17:36:37.358941+00:00;2025-03-31 20:47:08.294044+00:00,7;31
10222,1578989635065511937,,No;No,,,,,,,,,,,,,,,Yes;Yes,,No;No,No;No,No;No,,,,,,,,,,,,,,,,2025-03-31 17:07:45.962980+00:00;2025-03-31 16:49:12.317308+00:00,7;17
10227,1488317171537223681,,No;No,,,,,,,,,,,,,,,Yes;Yes,Image 1,Yes;No,No;No,Yes;No,,,,,biotic,,,,,,,immaterial,,,,2025-04-01 14:51:19.527858+00:00;2025-04-01 12:59:53.035625+00:00,7;42
10228,1580197595133415427,,No;No,,,,,,,,,,,,,,,Yes;Yes,,No;No,No;No,No;No,,,,,,,,,,,,,,,,2025-04-01 14:09:09.765525+00:00;2025-04-01 13:40:49.090607+00:00,7;42
10234,1581103564696346625,,No;No,,,,,,,,,,,,,,,Yes;Yes,,No;No,No;No,No;No,,,,,,,,,,,,,,,,2025-04-01 14:11:03.277716+00:00;2025-04-01 12:54:11.817468+00:00,7;42
10238,1488392669114085376,,No;No,,,,,,,,,,,,,,,Yes;Yes,,No;No,No;No,No;No,,,,,,,,,,,,,,,,2025-03-31 17:06:25.528429+00:00;2025-03-31 16:44:26.671099+00:00,7;17
10259,1585482418068373505,,No;No,,,,,,,,,,none;none,none;artificial_surfaces,none;none,none;none,none;none,Yes;Yes,Image 1;Image 1,Yes;Yes,No;No,Yes;Yes,,,,,biotic,,,,,,,material,,,,2025-03-31 08:40:23.316622+00:00;2025-03-31 08:42:03.797300+00:00,30;31
10263,1585935402959048705,,No;No,,,,,,,,,,,"artificial_surfaces,water_bodies;artificial_surfaces,water_bodies",,,,Yes;Yes,Image 1;Image 1,Yes;Yes,No;No,Yes;Yes,,,,,abiotic;abiotic,,,,,,,material;material,,,,2025-04-01 14:29:18.199936+00:00;2025-04-01 12:49:07.611090+00:00,7;42
10264,1586086397957767168,,No;No,,,,,,,,,animal close-up,,none;other,,,,No;Yes,Image 1;Image 1,Yes;Yes,No;No,Yes;Yes,,bird,,,biotic;biotic,,,,,,,material;material,,,,2025-03-31 09:25:14.091470+00:00;2025-03-31 09:23:38.233202+00:00,30;31
10268,1586690377729429507,,No;No,,,,,,,,,,,,,,,Yes;Yes,,No;No,No;No,No;No,,,,,,,,,,,,,,,,2025-04-01 13:54:53.646445+00:00;2025-04-01 13:33:35.383221+00:00,7;42
10271,1488996648990777349,,No;No,,,,,,,,,,,,,,,Yes;Yes,,No;No,No;No,No;No,,,,,,,,,,,,,,,,2025-04-01 09:57:05.334586+00:00;2025-04-01 07:44:21.358497+00:00,1;42
10278,1588653311917367296,,No;No,,,,,,,,,,none;none,artificial_surfaces;none,none;none,none;none,none;none,Yes;Yes,Image 1,Yes;No,No;No,Yes;No,,,,,abiotic,,,,,,,material,,,,2025-03-31 09:15:36.393644+00:00;2025-03-31 09:38:55.207320+00:00,7;42
10282,1478351505153536013,,No;No;No,,,,,,,,,,none;none;forest_and_seminatural_areas,none;artificial_surfaces,artificial_surfaces;artificial_surfaces,,,Yes;Yes;Yes,"Image 1,Image 2;Image 1,Image 2;Image 1,Image 2",Yes;Yes;Yes,Yes;Yes;Yes,Yes;Yes;Yes,snow,,,abiotic;abiotic;biotic,abiotic;abiotic,abiotic;abiotic,,,,,material;material;material,material;material,material;material,,,2025-03-31 09:14:33.343496+00:00;2025-03-31 09:13:33.043757+00:00;2025-03-31 09:12:27.859026+00:00,17;28;30
10283,1489147643884363778,,No;No,,,,,,,,,,,,,,,Yes;Yes,,No;No,No;No,No;No,,,,,,,,,,,,,,,,2025-03-31 17:13:21.307559+00:00;2025-03-31 16:47:24.625616+00:00,7;17
10285,1589634779133222915,,No;No,,,,,,,,,,,none,,,,Yes;Yes,Image 1;Image 1,Yes;Yes,No;No,Yes;Yes,,,,,biotic;biotic,,,,,,,immaterial;material,,,,2025-04-01 14:33:56.161143+00:00;2025-04-01 13:42:16.344364+00:00,7;42
10287,1590012266459856896,,No;No,,,,,,,,,,,forest_and_seminatural_areas,,,,Yes;Yes,Image 1;Image 1,Yes;Yes,No;No,Yes;Yes,,,,,biotic;biotic,,,,,,,material;material,,,,2025-03-31 09:06:08.850293+00:00;2025-03-31 09:05:24.163452+00:00,17;28
10288,1590238758938767360,,No;No,,,,,,,,,,,,,,,No;Yes,,No;No,No;No,No;No,,,,,,,,,,,,,,,,2025-03-31 10:11:00.982652+00:00;2025-03-31 09:28:26.649577+00:00,30;31
10302,1592428185597116416,,No;No,,,,,,,,,,,none,,,,Yes;Yes,Image 1;Image 1,Yes;Yes,No;No,Yes;Yes,,,,,biotic;biotic,,,,,,,immaterial;immaterial,,,,2025-04-01 14:49:48.290347+00:00;2025-04-01 12:52:23.304830+00:00,7;42
10307,1593183160317026305,,No;No,,,,,,,,,,,,,,,Yes;Yes,,No;No,No;No,No;No,,,,,,,,,,,,,,,,2025-03-31 17:06:42.197238+00:00;2025-03-31 16:46:30.004779+00:00,7;17
10310,1593862637334728704,,No;No,,,,,,,,,Sky,,other,,,,Yes;Yes,Image 1,No;Yes,No;No,No;Yes,,,,,abiotic,,,,,,,immaterial,,,,2025-03-31 17:19:34.728155+00:00;2025-03-31 20:45:54.946791+00:00,7;31
10315,1594995099502579712,,No;No,,,,,,,,,,none,none,none,none,none,Yes;Yes,,No;No,No;No,No;No,,,,,,,,,,,,,,,,2025-03-31 09:03:08.048984+00:00;2025-03-31 09:02:32.998323+00:00,7;30
10318,1595297089558220801,,No;No,,,,,,,,,,none;none,none;none,none;none,none;none,none;none,Yes;Yes,,No;No,No;No,No;No,,,,,,,,,,,,,,,,2025-03-31 09:09:47.828607+00:00;2025-03-31 09:12:26.132665+00:00,7;31
10328,1597260023650222080,,No;No,,,,,,,,,,,,,,,Yes;Yes,Image 1,Yes;No,No;No,Yes;No,,,,,biotic,,,,,,,immaterial,,,,2025-04-01 14:45:57.506711+00:00;2025-04-01 08:16:16.181244+00:00,7;42
10329,1597486516179439617,,No;No,,,,,,,,,,,none;none,,,,Yes;Yes,Image 1;Image 1,Yes;Yes,No;No,Yes;Yes,,animal,,,biotic;biotic,,,,,,,material;material,,,,2025-03-31 09:22:55.969216+00:00;2025-03-31 10:06:22.752951+00:00,16;30
10330,1597562013718388739,,No;No,,,,,,,,,,,artificial_surfaces;artificial_surfaces,,,,Yes;Yes,Image 1;Image 1,Yes;Yes,No;No,Yes;Yes,,,,,biotic;biotic,,,,,,,immaterial;material,,,,2025-03-31 17:27:32.319069+00:00;2025-03-31 20:44:58.226727+00:00,7;31
10331,1597788506058653696,,Yes;No,Food,,,,,,,,,none,none,none,none,none,Yes;Yes,Image 1,Yes;No,Yes;No,Yes;No,,,,biotic,,,,,,,,material,,,,2025-03-31 10:18:12.357730+00:00;2025-03-31 10:05:20.844217+00:00,15;30
10337,1598618978217529344,,No;No,,,,,,,,,,none,none,none,none,none,Yes;Yes,,No;No,No;No,No;No,,,,,,,,,,,,,,,,2025-03-31 09:14:57.008794+00:00;2025-03-31 09:15:24.826200+00:00,7;31
10339,1599071963158192129,,No;No,,,,,,,,,,,,,,,Yes;Yes,,No;No,No;No,No;No,,,,,,,,,,,,,,,,2025-04-01 14:23:16.959226+00:00;2025-04-01 08:09:14.003348+00:00,7;42
10353,1601714374628225024,,No;No,,,,,,,,,,,artificial_surfaces;agricultural_areas,artificial_surfaces;agricultural_areas,,,Yes;Yes,"Image 1,Image 2;Image 1,Image 2",Yes;Yes,No;No,Yes;Yes,,,,,biotic;biotic,biotic;biotic,,,,,,material;material,material;material,,,2025-04-01 14:20:00.606195+00:00;2025-04-01 14:11:40.995382+00:00,7;42
10361,1602695841814290434,,No;No,,,,,,,,,,,,,,,Yes;Yes,Image 1;Image 1,Yes;Yes,No;Yes,Yes;Yes,mimics cat sound,,,biotic,biotic;biotic,,,,,,immaterial,immaterial;immaterial,,,,2025-03-31 17:27:47.405081+00:00;2025-04-01 08:37:51.065537+00:00,7;42
10369,1604507781058375684,,No;No,,,,,,,,,,,none,none,none,none,Yes;Yes,"Image 1,Image 2,Image 3,Image 4;Image 1,Image 2,Image 3,Image 4",Yes;Yes,No;No,Yes;Yes,,,,,biotic;biotic,biotic;biotic,biotic;biotic,biotic;biotic,,,,material;material,material;material,material;material,material;material,2025-04-01 14:10:16.396689+00:00;2025-04-01 12:51:21.181554+00:00,7;42
10371,1490733090666434561,,No;No,,,,,,,,,,,,,,,Yes;Yes,,No;No,No;No,No;No,,,,,,,,,,,,,,,,2025-03-31 17:46:42.659396+00:00;2025-04-01 08:37:58.266359+00:00,7;42
10376,1605413750814789632,,No;No,,,,,,,,,,,none,,,,Yes;Yes,Image 1;Image 1,Yes;Yes,No;No,Yes;Yes,,,,,biotic;biotic,,,,,,,material;material,,,,2025-03-31 17:07:17.380764+00:00;2025-03-31 16:46:16.565129+00:00,7;17
10380,1606017730586546202,,No;No,,,,,,,,,,none,none,,,,Yes;Yes,Image 1;Image 1,Yes;Yes,Yes;No,Yes;Yes,,,,biotic,biotic;biotic,,,,,,material,material,,,,2025-04-01 14:07:27.990141+00:00;2025-04-01 08:25:34.261551+00:00,7;42
10381,1606244222897573888,,No;No,Food,,,,,,,,,none;none,none;none,none;none,none;none,none;none,Yes;Yes,Image 1;Image 1,Yes;Yes,Yes;Yes,Yes;Yes,,,,biotic;biotic,biotic,,,,turtle,,material;material,material,,,,2025-03-31 08:51:00.935409+00:00;2025-03-31 08:46:36.435365+00:00,28;30
10382,1490808588201308161,,No;No,,,,,,,,,,none;none,none;none,none;none,none;none,none;none,Yes;Yes,,No;No,No;No,No;No,,,,,,,,,,,,,,,,2025-03-31 08:41:06.651710+00:00;2025-03-31 08:49:22.198044+00:00,30;31
10387,1606923700108152834,,No;No,,,,,,,,,,,,,,,Yes;Yes,,No;No,No;No,No;No,,,,,,,,,,,,,,,,2025-03-31 17:19:54.086791+00:00;2025-03-31 20:50:33.633671+00:00,7;31
10392,1607754172396347392,"leather purse, making explicit ref to nature elements.",No;Yes,,,,,,,,,,none,,,,,Yes;Yes,,No;Yes,No;Yes,No;No,,,,biotic,,,,,,,material,,,,,2025-03-31 16:44:41.803070+00:00;2025-03-31 20:37:00.134215+00:00,17;31
10396,1607980664795848704,,No;No,,,,,,,,,,,,,,,Yes;Yes,,No;No,No;No,No;No,,,,,,,,,,,,,,,,2025-03-31 17:15:09.147431+00:00;2025-03-31 16:50:30.204260+00:00,7;17
10401,1608735639557791744,,No;No,Sport,,,,,,,,,,,,,,Yes;Yes,,Yes;No,Yes;No,No;No,,,,abiotic,,,,,,,material,,,,,2025-03-31 17:26:42.213974+00:00;2025-03-31 20:47:33.517208+00:00,7;31
10402,1608962131965403136,,No;No,,,,,,,,,,none;artificial_surfaces,none;artificial_surfaces,,,,Yes;Yes,Image 1;Image 1,Yes;Yes,Yes;Yes,Yes;Yes,,,,abiotic;abiotic,abiotic;abiotic,,,,,,material;material,material;material,,,,2025-03-31 17:40:04.141805+00:00;2025-03-31 20:38:18.264599+00:00,7;31
10404,1609188624318304259,,No;No,,,,,,,,,,,,,,,Yes;Yes,,No;No,No;No,No;No,,,,,,,,,,,,,,,,2025-04-01 14:47:56.530658+00:00;2025-04-01 13:57:50.162487+00:00,7;42
10410,1610397590587166721,,No;No,,,,,,,,,,,artificial_surfaces,,,,Yes;Yes,Image 1;Image 1,Yes;Yes,No;Yes,Yes;Yes,stars,snow,,abiotic,abiotic;abiotic,,,,emoji,,material,immaterial;immaterial,,,,2025-03-31 20:31:48.437645+00:00;2025-04-01 08:40:28.564278+00:00,31;42
10415,1611303559894532096,,No;Yes,,,,,,,,,,water_bodies,,,,,Yes;Yes,Image 1,Yes;Yes,Yes;Yes,No;Yes,,graphic showing river levels,,abiotic;abiotic,abiotic,,,,river level graphic,,material;immaterial,immaterial,,,,2025-04-01 14:49:32.130412+00:00;2025-04-01 08:07:59.318685+00:00,7;42
10416,1491488065453494280,,No;No,,,,,,,,,,,,,,,Yes;Yes,,No;No,No;No,No;No,,,,,,,,,,,,,,,,2025-03-31 16:44:01.767621+00:00;2025-03-31 09:28:37.939744+00:00,7;31
10418,1611620649566625793,,No;No,,,,,,,,,,,,,,,Yes;Yes,,No;No,No;No,No;No,,,,,,,,,,,,,,,,2025-03-31 17:35:48.271673+00:00;2025-03-31 20:56:53.212447+00:00,7;31
10419,1611907540031524866,,No;No,,,,,,,,,,none,none,none,none,none,Yes;Yes,,No;Yes,No;Yes,No;No,,,,abiotic,,,,,,,immaterial,,,,,2025-03-31 09:07:36.809962+00:00;2025-03-31 09:06:02.771686+00:00,30;31
10421,1612209529919242245,,No;No,,,,,,,,,,none,none,none,none,none,Yes;Yes,,No;No,No;No,No;No,,,,,,,,,,,,,,,,2025-03-31 09:18:23.877727+00:00;2025-03-31 09:18:33.131995+00:00,7;31
10424,1612964504567939074,,No;No,,,,,,,,,,,artificial_surfaces;artificial_surfaces,,,,Yes;Yes,Image 1;Image 1,Yes;Yes,No;No,Yes;Yes,,,,,biotic;biotic,,,,,,,material;material,,,,2025-03-31 17:30:48.087692+00:00;2025-03-31 20:43:18.011717+00:00,7;31
10428,1613568484432044037,,No;No,,,,,,,,,,none;none,none;none,none;none,none;none,none;none,Yes;Yes,Image 1,Yes;No,No;No,Yes;No,,,,,biotic,,,,,,,immaterial,,,,2025-03-31 08:55:47.465310+00:00;2025-03-31 08:55:06.098002+00:00,7;30
10434,1614489553531805696,,No;No,Food,,,,,,,,,,none,none,,,Yes;Yes,"Image 1,Image 2;Image 1,Image 2",Yes;Yes,No;No,Yes;Yes,,,,,biotic;biotic,biotic;biotic,,,,,,material;material,immaterial;material,,,2025-03-31 16:44:29.844855+00:00;2025-03-31 09:39:03.679013+00:00,7;16
10436,1614927438764457984,coffee emoji -> food button?,Yes;No,,,,,,,,,,none,none,none,none,none,Yes;Yes,,No;No,No;No,No;No,,,,,,,,,,,,,,,,2025-03-31 09:02:59.080005+00:00;2025-03-31 09:02:00.081141+00:00,7;30
10447,1616754477733928963,,No;No,,,,,,,,,,,,water_bodies,,,Yes;Yes,Image 2,Yes;No,No;No,Yes;No,,,,,,abiotic,,,,,,,material,,,2025-04-01 14:29:52.999541+00:00;2025-04-01 08:26:43.466836+00:00,7;42
10451,1617192363037806594,,No;No,,,,,,,,,,,,,,,Yes;Yes,,No;No,No;No,No;No,,,,,,,,,,,,,,,,2025-04-01 14:22:40.419463+00:00;2025-04-01 08:08:57.780181+00:00,7;42
10453,1617494352808353792,,No;No,,,,,,,,,,none,none,none,none,none,Yes;Yes,,No;No,No;No,No;No,,,,,,,,,,,,,,,,2025-03-31 09:17:56.231605+00:00;2025-03-31 09:17:44.114403+00:00,7;31
10457,1618400322640306176,,No;No,,,,,,,,,,,,,,,Yes;Yes,,No;No,No;No,No;No,,,,,,,,,,,,,,,,2025-03-31 17:27:12.018633+00:00;2025-03-31 20:50:39.794784+00:00,7;31
10459,1618716405284896770,,No;No,,,,,,,,,,none;none,none;none,none;none,none;none,none;none,Yes;Yes,,Yes;No,Yes;No,No;No,,,,biotic,,,,,,,material,,,,,2025-03-31 08:55:01.414114+00:00;2025-03-31 08:55:11.644268+00:00,28;30
10460,1493073512327618560,,No;No,,,,,,,,,,none,none,none,none,none,Yes;Yes,,No;No,No;No,No;No,,,,,,,,,,,,,,,,2025-03-31 09:00:45.776390+00:00;2025-03-31 09:01:46.510570+00:00,7;28
10461,1618868406945726470,,No;No,,,,,,,,,,,artificial_surfaces,,,,Yes;Yes,Image 1,No;Yes,No;No,No;Yes,,,,,biotic,,,,,,,material,,,,2025-03-31 10:05:00.648676+00:00;2025-03-31 09:24:41.825440+00:00,30;31
10464,1619306292069421062,,No;No,,,,,,,,,,none,,,,,No;Yes,,No;Yes,No;Yes,No;No,,,,abiotic,,,,,,,material,,,,,2025-03-31 16:45:04.680157+00:00;2025-03-31 16:44:08.577340+00:00,7;17
10467,1619759277094371328,Highly processed food content ,No;Yes,Food;Food,,,,,,,,,none,none,none,none,none,Yes;Yes,Image 1;Image 1,Yes;Yes,No;No,Yes;Yes,,,,,biotic;biotic,,,,,,,material;material,,,,2025-03-31 09:17:49.992276+00:00;2025-03-31 09:17:01.597582+00:00,7;31
10472,1620514251772428289,,No;No,,,,,,,,,,,,,,,Yes;Yes,,No;No,No;No,No;No,,,,,,,,,,,,,,,,2025-04-01 14:05:11.262596+00:00;2025-04-01 13:35:03.577982+00:00,7;42
10473,1620665246586404866,,No;No,Food,,,,,,,,,,none,,,,Yes;Yes,"Image 1,Image 2,Image 3,Image 4;Image 1,Image 2,Image 3,Image 4",Yes;Yes,No,Yes;Yes,,,,,biotic;biotic,biotic;biotic,biotic;biotic,biotic;biotic,,,,material;material,material;material,material;material,material;material,2025-03-31 17:12:14.793986+00:00;2025-03-31 16:51:47.225944+00:00,7;17
10475,1620967236528930817,,No;No,,,,,,,,,,,,,,,Yes;Yes,,No;No,No;No,No;No,,,,,,,,,,,,,,,,2025-04-01 14:50:50.027630+00:00;2025-04-01 14:38:32.752746+00:00,7;42
10477,1621269226505011200,,No;No,,,,,,,,,,,,,,,Yes;Yes,,No;No,No;No,No;No,,,,,,,,,,,,,,,,2025-03-31 17:19:26.196948+00:00;2025-03-31 20:47:45.866786+00:00,7;31
10479,1621571216459939841,,No;No,,,,,,,,,,,,,,,Yes;Yes,,No;No,No;No,No;No,,,,,,,,,,,,,,,,2025-03-31 17:36:20.097950+00:00;2025-03-31 20:56:31.094549+00:00,7;31
10480,1621873206234677248,,No;No,,,,,,,,,,,,,,,Yes;Yes,,No;No,No;No,No;No,,,,,,,,,,,,,,,,2025-03-31 09:20:16.497870+00:00;2025-03-31 09:58:24.632505+00:00,16;30
10490,1623987135467642881,,No;No,,,,,,,,,,none;none,none;none,none;none,none;none,none;none,Yes;Yes,,No;No,No;No,No;No,,,,,,,,,,,,,,,,2025-03-31 08:49:13.818576+00:00;2025-03-31 08:42:28.429890+00:00,28;30
10493,1493979482117574667,,No;No,,,,,,,,,,,,,,,Yes;Yes,,No;No,No;No,No;No,,,,,,,,,,,,,,,,2025-04-01 14:47:19.371932+00:00;2025-04-01 13:18:02.889803+00:00,7;42
10495,1624742110212591616,,No;No,,,,,,,,,,,,,,,Yes;Yes,,No;No,No;No,No;No,,,,,,,,,,,,,,,,2025-03-31 17:12:47.891268+00:00;2025-03-31 16:56:54.248514+00:00,7;17
10504,1478728992798969873,,No;No,Health,,,,,,,,,,,,,,Yes;Yes,,No;Yes,No;Yes,No;No,,,,biotic,,,,,,,material,,,,,2025-04-01 09:57:34.818558+00:00;2025-04-01 08:33:29.462801+00:00,1;42
10506,1626448353008697345,,No;No,,,,,,,,,,,none,,,,Yes;Yes,Image 1;Image 1,Yes;Yes,No;No,Yes;Yes,,,,,biotic;biotic,,,,,,,immaterial;immaterial,,,,2025-03-31 17:13:05.814041+00:00;2025-03-31 16:49:53.955675+00:00,7;17
10518,1635009766358663168,,No;No,Health,,,,,,,,,,forest_and_seminatural_areas,,,,Yes;Yes,Image 1;Image 1,Yes;Yes,No;No,Yes;Yes,,,,,abiotic;abiotic,,,,,,,immaterial,,,,2025-04-01 14:05:58.075682+00:00;2025-04-01 08:03:11.506689+00:00,7;42
10533,1638497749640306688,,No;No,,,,,,,,,,,,,,,Yes;Yes,,No;No,No;No,No;No,,,,,,,,,,,,,,,,2025-03-31 09:22:19.610337+00:00;2025-03-31 09:48:56.680829+00:00,16;30
10534,1638633645081767944,,No,Video game,,,,,,,,,,none;artificial_surfaces,,,,Yes;Yes,Image 1;Image 1,Yes;Yes,No;No,Yes;Yes,,,,,biotic;biotic,,,,,,,immaterial;immaterial,,,,2025-03-31 09:06:14.875544+00:00;2025-03-31 09:04:48.441081+00:00,16;17
10535,1638784639966781440,,No;No,,,,,,,,,,,,,,,Yes;Yes,,No;No,No;No,No;No,,,,,,,,,,,,,,,,2025-03-31 10:20:38.316529+00:00;2025-03-31 09:24:02.087536+00:00,30;31
10542,1639841604554067968,,No;No,,,,,,,,,,,,,,,No;Yes,Image 1,No;Yes,No;No,No;Yes,,sky,,,abiotic,,,,,,,material,,,,2025-04-01 14:48:13.892450+00:00;2025-04-01 12:47:20.669762+00:00,7;42
10544,1640143594471211008,,No;No,,,,,,,,,,,,,,,Yes;Yes,,No;No,No;No,No;No,,,,,,,,,,,,,,,,2025-03-31 10:04:44.644655+00:00;2025-03-31 09:18:52.720225+00:00,30;31
10552,1641366653249232896,,No;No,,,,,,,,,,none,none,none,none,none,Yes;Yes,,No;No,No;No,No;No,,,,,,,,,,,,,,,,2025-03-31 09:22:06.710935+00:00;2025-03-31 09:20:44.198829+00:00,7;16
10555,1641804538809311232,,No;No,,,,,,,,,,none;none,"none;none,artificial_surfaces",none;none,none;none,none;none,Yes;Yes,"Image 1,Image 2;Image 1",Yes;Yes,No;No,Yes;Yes,,,,,biotic;biotic,biotic,,,,,,material;material,material,,,2025-03-31 08:56:06.110042+00:00;2025-03-31 08:56:51.201203+00:00,15;31
10558,1642710508536037378,,No;No,,,,,,,,,,none;none,none;none,none;none,none;none,none;none,Yes;Yes,,No;No,No;No,No;No,,,,,,,,,,,,,,,,2025-03-31 08:38:34.967819+00:00;2025-03-31 08:42:19.443233+00:00,28;31
10560,1494885451815129092,,No;No,,,,,,,,,,,,,,,Yes;Yes,,No;No,No;No,No;No,,,,,,,,,,,,,,,,2025-03-31 22:17:43.071711+00:00;2025-04-01 07:43:45.175293+00:00,1;42
10562,1643178592476561411,,No;No,,,,,,,,,,,none,,,,Yes;Yes,Image 1;Image 1,Yes;Yes,No;No,Yes;Yes,,,,,biotic;biotic,,,,,,,immaterial;immaterial,,,,2025-04-01 14:23:50.352438+00:00;2025-04-01 13:50:59.736251+00:00,7;42
10568,1644522447616774149,,No;No,,,,,,,,,,none,none,none,none,none,Yes;Yes,,No;No,No;No,No;No,,,,,,,,,,,,,,,,2025-03-31 09:06:05.648266+00:00;2025-03-31 09:06:42.647887+00:00,30;31
10571,1495187441669615621,,No;No,,,,,,,,,,,,,,,Yes;Yes,,No;No,No;No,No;No,,,,,,,,,,,,,,,,2025-04-01 09:57:24.742323+00:00;2025-04-01 07:43:51.713545+00:00,1;42
10579,1646349486623453186,,No;No,Video game;Video game,,,,,,,,,none,none;none,none;none,none;none,none;none,Yes;Yes,Image 1,Yes;Yes,Yes;Yes,Yes;No,,,,biotic;biotic,biotic,,,,,,material;material,immaterial,,,,2025-03-31 08:48:43.791089+00:00;2025-03-31 08:43:50.081162+00:00,28;31
10580,1646485382102650880,,No;No,,,,,,,,,,,,,,,Yes;Yes,,No;No,No;No,No;No,,,,,,,,,,,,,,,,2025-04-01 14:42:51.727906+00:00;2025-04-01 13:19:12.846779+00:00,7;42
10581,1646636376819916800,,No;No,,,,,,,,,,,,,,,Yes;Yes,,No;No,Yes;No,No;No,,,,,,,,,,,immaterial,,,,,2025-03-31 09:37:34.278293+00:00;2025-03-31 10:20:23.937737+00:00,16;30
10585,1647089361895260160,,No;No,,,,,,,,,,none,none,none,none,none,Yes;Yes,,No;No,No;No,No;No,,,,,,,,,,,,,,,,2025-03-31 09:03:58.200848+00:00;2025-03-31 09:04:38.868078+00:00,30;31
10590,1647864972695748609,,No;No,,,,,,,,,,,,,,,Yes;Yes,,No;No,No;No,No;No,,,,,,,,,,,,,,,,2025-04-01 14:20:52.676301+00:00;2025-04-01 12:59:21.337178+00:00,7;42
10591,1648008417896718337,,No;No,,,,,,,,,,none;none,none;none,none;none,none;none,none;none,Yes;Yes,,No;No,No;No,No;No,,,,,,,,,,,,,,,,2025-03-31 08:57:38.624520+00:00;2025-03-31 08:57:25.210563+00:00,7;31
10595,1648914387321917440,,No;No,Video game,,,,,,,,,,artificial_surfaces,,,,Yes;Yes,Image 1,No;Yes,No;No,No;Yes,,,,,biotic,,,,,,,immaterial,,,,2025-03-31 09:50:15.695569+00:00;2025-03-31 09:22:44.510440+00:00,30;31
10597,1649518367265505281,,No;No,,,,,,,,,,,,,,,Yes;Yes,,No;No,No;No,No;No,,,,,,,,,,,,,,,,2025-04-01 14:25:33.143452+00:00;2025-04-01 08:06:19.262238+00:00,7;42
10599,1649986451625373699,,No;No,,,,,,,,,,none,none,none,none,none,Yes;Yes,,No;No,No;No,No;No,,,,,,,,,,,,,,,,2025-03-31 09:19:12.013135+00:00;2025-03-31 09:18:13.688426+00:00,7;31
10604,1496017913605726211,,No;No,,,,,,,,,,,,,,,Yes;Yes,,Yes;No,Yes;No,No;No,,,,biotic,,,,,,,material,,,,,2025-03-31 17:26:04.071926+00:00;2025-03-31 20:49:53.088258+00:00,7;31
10612,1652387271184728065,,No;No,,,,,,,,,,,,,,,Yes;Yes,,No;No,No;No,No;No,,,,,,,,,,,,,,,,2025-03-31 09:05:09.807954+00:00;2025-03-31 09:04:33.949651+00:00,17;30
10614,1652840256041893889,,No;No,,,,,,,,,,,none,,,,Yes;Yes,Image 1;Image 1,Yes;Yes,No;No,Yes;Yes,,,,,biotic;biotic,,,,,,,immaterial;immaterial,,,,2025-04-01 14:33:28.551061+00:00;2025-04-01 13:52:09.826897+00:00,7;42
10615,1479030982657327106,,No;No,,,,,,,,,,none,none,none,none,none,Yes;Yes,,No;No,No;No,No;No,,,,,,,,,,,,,,,,2025-03-31 09:15:54.594280+00:00;2025-03-31 09:15:24.223786+00:00,7;30
10626,1655091087390945282,,No;No,,,,,,,,,,,,,,,Yes;Yes,,No;No,No;No,No;No,,,,,,,,,,,,,,,,2025-03-31 17:39:33.800278+00:00;2025-04-01 08:40:38.771608+00:00,7;42
10627,1496395401179860992,,No;No,,,,,,,,,,none;none,none;none,none;none,none;none,none;none,Yes;Yes,,No;No,No;No,No;No,,,,,,,,,,,,,,,,2025-03-31 08:46:43.903920+00:00;2025-03-31 08:34:25.193073+00:00,30;31
10629,1655393077282873344,,No;No,,,,,,,,,,,,,,,Yes;Yes,,No;No,No;No,No;No,,,,,,,,,,,,,,,,2025-03-31 09:07:10.898577+00:00;2025-03-31 09:07:52.030457+00:00,17;30
10633,1655997057063337984,,No;No,,,,,,,,,,,,,,,Yes;Yes,Image 1,Yes;No,Yes;No,Yes;No,,,,biotic,biotic,,,,,,material,material,,,,2025-03-31 17:06:10.775978+00:00;2025-03-31 09:30:19.125443+00:00,7;16
10636,1656465141179744256,,No;No,,,,,,,,,,,,,,,Yes;Yes,,No;No,No;No,No;No,,,,,,,,,,,,,,,,2025-03-31 17:07:00.190251+00:00;2025-03-31 16:48:28.305139+00:00,7;17
10645,1657808996378525696,,No;No,,,,,,,,,,,,,,,Yes;Yes,,No;No,No;No,No;No,,,,,,,,,,,,,,,,2025-03-31 10:03:04.714007+00:00;2025-03-31 09:18:27.168948+00:00,30;31
10648,1658261980929572864,,No;No,,,,,,,,,,,,,,,Yes;Yes,,No;No,No;No,No;No,,,,,,,,,,,,,,,,2025-04-01 14:46:04.196019+00:00;2025-04-01 12:49:16.771623+00:00,7;42
10650,1658412976045703168,remote sensing images - would they be material or not?,No;Yes,,,,,,,,space,"star, sun",other,other;other,,,,Yes;Yes,Image 1;Image 1,Yes;Yes,Yes;Yes,Yes;Yes,,,,abiotic;abiotic,abiotic;abiotic,,,,"solar flare, sun",remote sensing image of the sun,material;material,material;immaterial,,,,2025-04-01 10:01:41.052153+00:00;2025-04-01 12:45:32.209677+00:00,1;42
10651,1658745164960251905,,No;No,,,,,,,,,,,,,,,Yes;Yes,,No;No,No;No,No;No,,,,,,,,,,,,,,,,2025-04-01 14:20:59.088962+00:00;2025-04-01 08:15:22.041767+00:00,7;42
10653,1659047154772475904,,No;No,,,,,,,,,,,,,,,Yes;Yes,Image 1;Image 1,Yes;Yes,No;No,Yes;Yes,,,,,biotic;biotic,,,,,,,immaterial;immaterial,,,,2025-04-01 14:49:16.616483+00:00;2025-04-01 14:36:09.125828+00:00,7;42
10654,1659167950757064707,,No;No,,,,,,,,,,,artificial_surfaces,,,,Yes;Yes,Image 1,Yes;No,No;No,Yes;No,,,,,biotic,,,,,,,material,,,,2025-03-31 17:25:21.820467+00:00;2025-04-01 08:36:24.431524+00:00,7;42
10655,1659318945751650309,,No;No,,,,,,,,,,none;none,none;none,none;none,none;none,none;none,Yes;Yes,Image 1;Image 1,Yes;Yes,No;No,Yes;Yes,,,,,abiotic,,,,,,,immaterial,,,,2025-03-31 09:12:55.735745+00:00;2025-03-31 09:52:58.436433+00:00,7;42
10665,1661130885041643520,food related post in text content,Yes;No,Food,,,,,,,,,none;none,"agricultural_areas,forest_and_seminatural_areas;none,agricultural_areas,forest_and_seminatural_areas",none;none,none;none,none;none,Yes;Yes,Image 1;Image 1,Yes;Yes,Yes;No,Yes;Yes,,,,biotic,biotic;biotic,,,,,,material,material;material,,,,2025-03-31 08:45:54.907590+00:00;2025-03-31 08:50:45.035081+00:00,28;30
10667,1661900959281233920,,No;No,,,,,,,,,,none;none,artificial_surfaces;artificial_surfaces,none;none,none;none,none;none,Yes;Yes,Image 1;Image 1,Yes;Yes,No;No,Yes;Yes,,,,,biotic;biotic,,,,,,,material;material,,,,2025-03-31 08:59:18.278837+00:00;2025-03-31 08:58:15.862969+00:00,7;31
10668,1662036854747840512,,No;No,,,,,,,,,,,,,,,Yes;Yes,Image 1,No;Yes,No;No,No;Yes,,,,,biotic,,,,,,,immaterial,,,,2025-04-01 14:41:50.415684+00:00;2025-04-01 07:47:30.060234+00:00,7;42
10673,1662791829488824320,,No;No,,,,,,,,,,none;none,none;none,,,,Yes;Yes,Image 1;Image 1,Yes;Yes,Yes;Yes,Yes;Yes,,,,biotic;biotic,biotic;biotic,,,,,,material;material,immaterial;immaterial,,,,2025-03-31 17:37:50.320889+00:00;2025-03-31 20:39:39.812062+00:00,7;31
10676,1663259913668243457,,No;No,Food,,,,,,,,,,,,,,Yes;Yes,Image 1,Yes;No,No;No,Yes;No,,,,,biotic,,,,,,,material,,,,2025-04-01 14:47:42.366929+00:00;2025-04-01 13:05:08.870447+00:00,7;42
10680,1663848794130370560,,No;No,,,,,,,,,,,,,,,Yes;Yes,,No;No,No;No,No;No,,,,,,,,,,,,,,,,2025-03-31 09:26:41.109658+00:00;2025-03-31 09:25:45.824109+00:00,16;30
10690,1665660733441601536,,No;No,,,,,,,,,,,,,,,Yes;Yes,,No;No,No;No,No;No,,,,,,,,,,,,,,,,2025-04-01 14:22:25.403332+00:00;2025-04-01 13:06:04.074750+00:00,7;42
10692,1665977822857363456,,No;No,,,,,,,,,,,,,,,Yes;Yes,,No;No,No;No,No;No,,,,,,,,,,,,,,,,2025-04-01 14:23:29.975333+00:00;2025-04-01 14:16:56.586472+00:00,7;42
10699,1667019687979253763,,No;No,,,,,,,,,,,,,,,Yes;Yes,,No;No,No;No,No;No,,,,,,,,,,,,,,,,2025-03-31 09:24:38.874711+00:00;2025-03-31 09:53:08.071573+00:00,16;30
10704,1497603360475607041,,No;No,,,,,,,,,,none,artificial_surfaces,none,none,none,Yes;Yes,Image 1,Yes;No,No;No,Yes;No,,,,,biotic,,,,,,,immaterial,,,,2025-03-31 09:22:46.674703+00:00;2025-03-31 09:51:33.790770+00:00,15;30
10707,1668272945985118212,,No;No,,,,,,,,,,,,,,,Yes;Yes,,No;No,No;No,No;No,,,,,,,,,,,,,,,,2025-03-31 17:19:43.890938+00:00;2025-03-31 20:56:19.286924+00:00,7;31
10709,1668529637398401026,,No;No,,,,,,,,,,,,,,,Yes;Yes,,Yes;No,Yes;No,No;No,,,,abiotic,,,,,,,material,,,,,2025-03-31 17:20:35.404310+00:00;2025-03-31 20:39:53.853991+00:00,7;31
10715,1497829852837294080,,No;No,,,,,,,,,,none,none,none,none,none,No;Yes,,No;No,No;No,No;No,,,,,,,,,,,,,,,,2025-03-31 09:21:08.258228+00:00;2025-03-31 09:17:22.235386+00:00,7;31
10725,1671247546407157762,,No;No,,,,,,,,,,,artificial_surfaces,,,,Yes;Yes,Image 1,No;Yes,No;No,No;Yes,,,,,biotic,,,,,,,material,,,,2025-03-31 09:53:03.720081+00:00;2025-03-31 09:20:03.547862+00:00,30;31
